source_label,archive_url,member_name,file_size
bbbc005,https://data.broadinstitute.org/bbbc/BBBC005/BBBC005_v1_images.zip,BBBC005_v1_images/SIMCEPImages_A01_C1_F1_s02_w1.TIF,321342
bbbc005,https://data.broadinstitute.org/bbbc/BBBC005/BBBC005_v1_images.zip,BBBC005_v1_images/SIMCEPImages_A01_C1_F1_s04_w2.TIF,316886
bbbc005,https://data.broadinstitute.org/bbbc/BBBC005/BBBC005_v1_images.zip,BBBC005_v1_images/SIMCEPImages_A01_C1_F1_s05_w1.TIF,321084
bbbc005,https://data.broadinstitute.org/bbbc/BBBC005/BBBC005_v1_images.zip,BBBC005_v1_images/SIMCEPImages_A01_C1_F1_s19_w2.TIF,316928
bbbc005,https://data.broadinstitute.org/bbbc/BBBC005/BBBC005_v1_images.zip,BBBC005_v1_images/SIMCEPImages_A01_C1_F1_s25_w2.TIF,317372
bbbc005,https://data.broadinstitute.org/bbbc/BBBC005/BBBC005_v1_images.zip,BBBC005_v1_images/SIMCEPImages_A02_C5_F1_s06_w1.TIF,321570
bbbc005,https://data.broadinstitute.org/bbbc/BBBC005/BBBC005_v1_images.zip,BBBC005_v1_images/SIMCEPImages_A02_C5_F1_s14_w2.TIF,318942
bbbc005,https://data.broadinstitute.org/bbbc/BBBC005/BBBC005_v1_images.zip,BBBC005_v1_images/SIMCEPImages_A03_C10_F1_s03_w2.TIF,321146
bbbc005,https://data.broadinstitute.org/bbbc/BBBC005/BBBC005_v1_images.zip,BBBC005_v1_images/SIMCEPImages_A03_C10_F1_s06_w2.TIF,320228
bbbc005,https://data.broadinstitute.org/bbbc/BBBC005/BBBC005_v1_images.zip,BBBC005_v1_images/SIMCEPImages_A03_C10_F1_s12_w1.TIF,323032
bbbc005,https://data.broadinstitute.org/bbbc/BBBC005/BBBC005_v1_images.zip,BBBC005_v1_images/SIMCEPImages_A03_C10_F1_s14_w1.TIF,322292
bbbc005,https://data.broadinstitute.org/bbbc/BBBC005/BBBC005_v1_images.zip,BBBC005_v1_images/SIMCEPImages_A05_C18_F1_s06_w1.TIF,324576
bbbc005,https://data.broadinstitute.org/bbbc/BBBC005/BBBC005_v1_images.zip,BBBC005_v1_images/SIMCEPImages_A05_C18_F1_s17_w2.TIF,325512
bbbc005,https://data.broadinstitute.org/bbbc/BBBC005/BBBC005_v1_images.zip,BBBC005_v1_images/SIMCEPImages_A05_C18_F1_s18_w2.TIF,325878
bbbc005,https://data.broadinstitute.org/bbbc/BBBC005/BBBC005_v1_images.zip,BBBC005_v1_images/SIMCEPImages_A06_C23_F1_s03_w1.TIF,324160
bbbc005,https://data.broadinstitute.org/bbbc/BBBC005/BBBC005_v1_images.zip,BBBC005_v1_images/SIMCEPImages_A06_C23_F1_s04_w2.TIF,328052
bbbc005,https://data.broadinstitute.org/bbbc/BBBC005/BBBC005_v1_images.zip,BBBC005_v1_images/SIMCEPImages_A06_C23_F1_s14_w1.TIF,325150
bbbc005,https://data.broadinstitute.org/bbbc/BBBC005/BBBC005_v1_images.zip,BBBC005_v1_images/SIMCEPImages_A06_C23_F1_s21_w2.TIF,327526
bbbc005,https://data.broadinstitute.org/bbbc/BBBC005/BBBC005_v1_images.zip,BBBC005_v1_images/SIMCEPImages_A07_C27_F1_s01_w2.TIF,331022
bbbc005,https://data.broadinstitute.org/bbbc/BBBC005/BBBC005_v1_images.zip,BBBC005_v1_images/SIMCEPImages_A07_C27_F1_s10_w1.TIF,325604
bbbc005,https://data.broadinstitute.org/bbbc/BBBC005/BBBC005_v1_images.zip,BBBC005_v1_images/SIMCEPImages_A07_C27_F1_s14_w1.TIF,326980
bbbc005,https://data.broadinstitute.org/bbbc/BBBC005/BBBC005_v1_images.zip,BBBC005_v1_images/SIMCEPImages_A07_C27_F1_s16_w2.TIF,329286
bbbc005,https://data.broadinstitute.org/bbbc/BBBC005/BBBC005_v1_images.zip,BBBC005_v1_images/SIMCEPImages_A09_C35_F1_s04_w2.TIF,332344
bbbc005,https://data.broadinstitute.org/bbbc/BBBC005/BBBC005_v1_images.zip,BBBC005_v1_images/SIMCEPImages_A09_C35_F1_s17_w1.TIF,327606
bbbc005,https://data.broadinstitute.org/bbbc/BBBC005/BBBC005_v1_images.zip,BBBC005_v1_images/SIMCEPImages_A10_C40_F1_s06_w1.TIF,328652
bbbc005,https://data.broadinstitute.org/bbbc/BBBC005/BBBC005_v1_images.zip,BBBC005_v1_images/SIMCEPImages_A10_C40_F1_s10_w1.TIF,328906
bbbc005,https://data.broadinstitute.org/bbbc/BBBC005/BBBC005_v1_images.zip,BBBC005_v1_images/SIMCEPImages_A10_C40_F1_s17_w1.TIF,328744
bbbc005,https://data.broadinstitute.org/bbbc/BBBC005/BBBC005_v1_images.zip,BBBC005_v1_images/SIMCEPImages_A11_C44_F1_s01_w1.TIF,327012
bbbc005,https://data.broadinstitute.org/bbbc/BBBC005/BBBC005_v1_images.zip,BBBC005_v1_images/SIMCEPImages_A11_C44_F1_s16_w2.TIF,335868
bbbc005,https://data.broadinstitute.org/bbbc/BBBC005/BBBC005_v1_images.zip,BBBC005_v1_images/SIMCEPImages_A11_C44_F1_s22_w1.TIF,328304
bbbc005,https://data.broadinstitute.org/bbbc/BBBC005/BBBC005_v1_images.zip,BBBC005_v1_images/SIMCEPImages_A13_C53_F1_s05_w1.TIF,331958
bbbc005,https://data.broadinstitute.org/bbbc/BBBC005/BBBC005_v1_images.zip,BBBC005_v1_images/SIMCEPImages_A14_C57_F1_s07_w1.TIF,331306
bbbc005,https://data.broadinstitute.org/bbbc/BBBC005/BBBC005_v1_images.zip,BBBC005_v1_images/SIMCEPImages_A14_C57_F1_s11_w2.TIF,341656
bbbc005,https://data.broadinstitute.org/bbbc/BBBC005/BBBC005_v1_images.zip,BBBC005_v1_images/SIMCEPImages_A14_C57_F1_s12_w2.TIF,341708
bbbc005,https://data.broadinstitute.org/bbbc/BBBC005/BBBC005_v1_images.zip,BBBC005_v1_images/SIMCEPImages_A15_C61_F1_s05_w1.TIF,332214
bbbc005,https://data.broadinstitute.org/bbbc/BBBC005/BBBC005_v1_images.zip,BBBC005_v1_images/SIMCEPImages_A15_C61_F1_s08_w2.TIF,342082
bbbc005,https://data.broadinstitute.org/bbbc/BBBC005/BBBC005_v1_images.zip,BBBC005_v1_images/SIMCEPImages_A15_C61_F1_s24_w1.TIF,331300
bbbc005,https://data.broadinstitute.org/bbbc/BBBC005/BBBC005_v1_images.zip,BBBC005_v1_images/SIMCEPImages_A17_C70_F1_s04_w2.TIF,346744
bbbc005,https://data.broadinstitute.org/bbbc/BBBC005/BBBC005_v1_images.zip,BBBC005_v1_images/SIMCEPImages_A17_C70_F1_s19_w2.TIF,345706
bbbc005,https://data.broadinstitute.org/bbbc/BBBC005/BBBC005_v1_images.zip,BBBC005_v1_images/SIMCEPImages_A18_C74_F1_s12_w2.TIF,346776
bbbc005,https://data.broadinstitute.org/bbbc/BBBC005/BBBC005_v1_images.zip,BBBC005_v1_images/SIMCEPImages_A18_C74_F1_s13_w1.TIF,334954
bbbc005,https://data.broadinstitute.org/bbbc/BBBC005/BBBC005_v1_images.zip,BBBC005_v1_images/SIMCEPImages_A19_C78_F1_s03_w2.TIF,347276
bbbc005,https://data.broadinstitute.org/bbbc/BBBC005/BBBC005_v1_images.zip,BBBC005_v1_images/SIMCEPImages_A19_C78_F1_s08_w2.TIF,348606
bbbc005,https://data.broadinstitute.org/bbbc/BBBC005/BBBC005_v1_images.zip,BBBC005_v1_images/SIMCEPImages_A19_C78_F1_s23_w1.TIF,336102
bbbc005,https://data.broadinstitute.org/bbbc/BBBC005/BBBC005_v1_images.zip,BBBC005_v1_images/SIMCEPImages_A20_C83_F1_s07_w1.TIF,340410
bbbc005,https://data.broadinstitute.org/bbbc/BBBC005/BBBC005_v1_images.zip,BBBC005_v1_images/SIMCEPImages_A20_C83_F1_s19_w2.TIF,350738
bbbc005,https://data.broadinstitute.org/bbbc/BBBC005/BBBC005_v1_images.zip,BBBC005_v1_images/SIMCEPImages_A21_C87_F1_s04_w1.TIF,337224
bbbc005,https://data.broadinstitute.org/bbbc/BBBC005/BBBC005_v1_images.zip,BBBC005_v1_images/SIMCEPImages_A21_C87_F1_s17_w2.TIF,347724
bbbc005,https://data.broadinstitute.org/bbbc/BBBC005/BBBC005_v1_images.zip,BBBC005_v1_images/SIMCEPImages_A22_C91_F1_s07_w2.TIF,351084
bbbc005,https://data.broadinstitute.org/bbbc/BBBC005/BBBC005_v1_images.zip,BBBC005_v1_images/SIMCEPImages_A22_C91_F1_s16_w1.TIF,338142
bbbc005,https://data.broadinstitute.org/bbbc/BBBC005/BBBC005_v1_images.zip,BBBC005_v1_images/SIMCEPImages_A22_C91_F1_s21_w1.TIF,337482
bbbc005,https://data.broadinstitute.org/bbbc/BBBC005/BBBC005_v1_images.zip,BBBC005_v1_images/SIMCEPImages_A23_C96_F1_s01_w2.TIF,352290
bbbc005,https://data.broadinstitute.org/bbbc/BBBC005/BBBC005_v1_images.zip,BBBC005_v1_images/SIMCEPImages_A24_C100_F1_s02_w1.TIF,342678
bbbc005,https://data.broadinstitute.org/bbbc/BBBC005/BBBC005_v1_images.zip,BBBC005_v1_images/SIMCEPImages_A24_C100_F1_s06_w2.TIF,352192
bbbc005,https://data.broadinstitute.org/bbbc/BBBC005/BBBC005_v1_images.zip,BBBC005_v1_images/SIMCEPImages_A24_C100_F1_s07_w1.TIF,337970
bbbc005,https://data.broadinstitute.org/bbbc/BBBC005/BBBC005_v1_images.zip,BBBC005_v1_images/SIMCEPImages_A24_C100_F1_s10_w1.TIF,337242
bbbc005,https://data.broadinstitute.org/bbbc/BBBC005/BBBC005_v1_images.zip,BBBC005_v1_images/SIMCEPImages_A24_C100_F1_s14_w2.TIF,352658
bbbc005,https://data.broadinstitute.org/bbbc/BBBC005/BBBC005_v1_images.zip,BBBC005_v1_images/SIMCEPImages_A24_C100_F1_s22_w1.TIF,341566
bbbc005,https://data.broadinstitute.org/bbbc/BBBC005/BBBC005_v1_images.zip,BBBC005_v1_images/SIMCEPImages_B01_C1_F4_s20_w2.TIF,165096
bbbc005,https://data.broadinstitute.org/bbbc/BBBC005/BBBC005_v1_images.zip,BBBC005_v1_images/SIMCEPImages_B02_C5_F4_s01_w2.TIF,172290
bbbc005,https://data.broadinstitute.org/bbbc/BBBC005/BBBC005_v1_images.zip,BBBC005_v1_images/SIMCEPImages_B02_C5_F4_s09_w1.TIF,201622
bbbc005,https://data.broadinstitute.org/bbbc/BBBC005/BBBC005_v1_images.zip,BBBC005_v1_images/SIMCEPImages_B02_C5_F4_s13_w2.TIF,174494
bbbc005,https://data.broadinstitute.org/bbbc/BBBC005/BBBC005_v1_images.zip,BBBC005_v1_images/SIMCEPImages_B02_C5_F4_s20_w2.TIF,173890
bbbc005,https://data.broadinstitute.org/bbbc/BBBC005/BBBC005_v1_images.zip,BBBC005_v1_images/SIMCEPImages_B02_C5_F4_s21_w1.TIF,203490
bbbc005,https://data.broadinstitute.org/bbbc/BBBC005/BBBC005_v1_images.zip,BBBC005_v1_images/SIMCEPImages_B02_C5_F4_s21_w2.TIF,174712
bbbc005,https://data.broadinstitute.org/bbbc/BBBC005/BBBC005_v1_images.zip,BBBC005_v1_images/SIMCEPImages_B03_C10_F4_s06_w1.TIF,206574
bbbc005,https://data.broadinstitute.org/bbbc/BBBC005/BBBC005_v1_images.zip,BBBC005_v1_images/SIMCEPImages_B03_C10_F4_s14_w1.TIF,206552
bbbc005,https://data.broadinstitute.org/bbbc/BBBC005/BBBC005_v1_images.zip,BBBC005_v1_images/SIMCEPImages_B03_C10_F4_s15_w1.TIF,206344
bbbc005,https://data.broadinstitute.org/bbbc/BBBC005/BBBC005_v1_images.zip,BBBC005_v1_images/SIMCEPImages_B03_C10_F4_s16_w2.TIF,184930
bbbc005,https://data.broadinstitute.org/bbbc/BBBC005/BBBC005_v1_images.zip,BBBC005_v1_images/SIMCEPImages_B03_C10_F4_s17_w1.TIF,207714
bbbc005,https://data.broadinstitute.org/bbbc/BBBC005/BBBC005_v1_images.zip,BBBC005_v1_images/SIMCEPImages_B03_C10_F4_s25_w2.TIF,181292
bbbc005,https://data.broadinstitute.org/bbbc/BBBC005/BBBC005_v1_images.zip,BBBC005_v1_images/SIMCEPImages_B04_C14_F4_s01_w1.TIF,208804
bbbc005,https://data.broadinstitute.org/bbbc/BBBC005/BBBC005_v1_images.zip,BBBC005_v1_images/SIMCEPImages_B04_C14_F4_s14_w1.TIF,208882
bbbc005,https://data.broadinstitute.org/bbbc/BBBC005/BBBC005_v1_images.zip,BBBC005_v1_images/SIMCEPImages_B04_C14_F4_s15_w2.TIF,195758
bbbc005,https://data.broadinstitute.org/bbbc/BBBC005/BBBC005_v1_images.zip,BBBC005_v1_images/SIMCEPImages_B04_C14_F4_s17_w2.TIF,194806
bbbc005,https://data.broadinstitute.org/bbbc/BBBC005/BBBC005_v1_images.zip,BBBC005_v1_images/SIMCEPImages_B04_C14_F4_s19_w1.TIF,209356
bbbc005,https://data.broadinstitute.org/bbbc/BBBC005/BBBC005_v1_images.zip,BBBC005_v1_images/SIMCEPImages_B05_C18_F4_s18_w2.TIF,203686
bbbc005,https://data.broadinstitute.org/bbbc/BBBC005/BBBC005_v1_images.zip,BBBC005_v1_images/SIMCEPImages_B06_C23_F4_s02_w2.TIF,213274
bbbc005,https://data.broadinstitute.org/bbbc/BBBC005/BBBC005_v1_images.zip,BBBC005_v1_images/SIMCEPImages_B06_C23_F4_s05_w1.TIF,214094
bbbc005,https://data.broadinstitute.org/bbbc/BBBC005/BBBC005_v1_images.zip,BBBC005_v1_images/SIMCEPImages_B06_C23_F4_s07_w1.TIF,216054
bbbc005,https://data.broadinstitute.org/bbbc/BBBC005/BBBC005_v1_images.zip,BBBC005_v1_images/SIMCEPImages_B06_C23_F4_s17_w1.TIF,216692
bbbc005,https://data.broadinstitute.org/bbbc/BBBC005/BBBC005_v1_images.zip,BBBC005_v1_images/SIMCEPImages_B06_C23_F4_s24_w2.TIF,214000
bbbc005,https://data.broadinstitute.org/bbbc/BBBC005/BBBC005_v1_images.zip,BBBC005_v1_images/SIMCEPImages_B07_C27_F4_s08_w2.TIF,217804
bbbc005,https://data.broadinstitute.org/bbbc/BBBC005/BBBC005_v1_images.zip,BBBC005_v1_images/SIMCEPImages_B07_C27_F4_s17_w1.TIF,215930
bbbc005,https://data.broadinstitute.org/bbbc/BBBC005/BBBC005_v1_images.zip,BBBC005_v1_images/SIMCEPImages_B07_C27_F4_s21_w2.TIF,215194
bbbc005,https://data.broadinstitute.org/bbbc/BBBC005/BBBC005_v1_images.zip,BBBC005_v1_images/SIMCEPImages_B08_C31_F4_s03_w2.TIF,227802
bbbc005,https://data.broadinstitute.org/bbbc/BBBC005/BBBC005_v1_images.zip,BBBC005_v1_images/SIMCEPImages_B08_C31_F4_s16_w2.TIF,231934
bbbc005,https://data.broadinstitute.org/bbbc/BBBC005/BBBC005_v1_images.zip,BBBC005_v1_images/SIMCEPImages_B09_C35_F4_s16_w2.TIF,234214
bbbc005,https://data.broadinstitute.org/bbbc/BBBC005/BBBC005_v1_images.zip,BBBC005_v1_images/SIMCEPImages_B09_C35_F4_s17_w2.TIF,235004
bbbc005,https://data.broadinstitute.org/bbbc/BBBC005/BBBC005_v1_images.zip,BBBC005_v1_images/SIMCEPImages_B11_C44_F4_s09_w2.TIF,244316
bbbc005,https://data.broadinstitute.org/bbbc/BBBC005/BBBC005_v1_images.zip,BBBC005_v1_images/SIMCEPImages_B11_C44_F4_s12_w1.TIF,228736
bbbc005,https://data.broadinstitute.org/bbbc/BBBC005/BBBC005_v1_images.zip,BBBC005_v1_images/SIMCEPImages_B12_C48_F4_s09_w2.TIF,252206
bbbc005,https://data.broadinstitute.org/bbbc/BBBC005/BBBC005_v1_images.zip,BBBC005_v1_images/SIMCEPImages_B13_C53_F4_s10_w2.TIF,259272
bbbc005,https://data.broadinstitute.org/bbbc/BBBC005/BBBC005_v1_images.zip,BBBC005_v1_images/SIMCEPImages_B14_C57_F4_s09_w2.TIF,265916
bbbc005,https://data.broadinstitute.org/bbbc/BBBC005/BBBC005_v1_images.zip,BBBC005_v1_images/SIMCEPImages_B14_C57_F4_s23_w2.TIF,262084
bbbc005,https://data.broadinstitute.org/bbbc/BBBC005/BBBC005_v1_images.zip,BBBC005_v1_images/SIMCEPImages_B15_C61_F4_s02_w1.TIF,240602
bbbc005,https://data.broadinstitute.org/bbbc/BBBC005/BBBC005_v1_images.zip,BBBC005_v1_images/SIMCEPImages_B16_C66_F4_s11_w2.TIF,277546
bbbc005,https://data.broadinstitute.org/bbbc/BBBC005/BBBC005_v1_images.zip,BBBC005_v1_images/SIMCEPImages_B16_C66_F4_s12_w2.TIF,279666
bbbc005,https://data.broadinstitute.org/bbbc/BBBC005/BBBC005_v1_images.zip,BBBC005_v1_images/SIMCEPImages_B17_C70_F4_s01_w1.TIF,240058
bbbc005,https://data.broadinstitute.org/bbbc/BBBC005/BBBC005_v1_images.zip,BBBC005_v1_images/SIMCEPImages_B17_C70_F4_s01_w2.TIF,277196
bbbc005,https://data.broadinstitute.org/bbbc/BBBC005/BBBC005_v1_images.zip,BBBC005_v1_images/SIMCEPImages_B17_C70_F4_s02_w2.TIF,279186
bbbc005,https://data.broadinstitute.org/bbbc/BBBC005/BBBC005_v1_images.zip,BBBC005_v1_images/SIMCEPImages_B17_C70_F4_s19_w2.TIF,284274
bbbc005,https://data.broadinstitute.org/bbbc/BBBC005/BBBC005_v1_images.zip,BBBC005_v1_images/SIMCEPImages_B17_C70_F4_s21_w1.TIF,245982
bbbc005,https://data.broadinstitute.org/bbbc/BBBC005/BBBC005_v1_images.zip,BBBC005_v1_images/SIMCEPImages_B18_C74_F4_s06_w2.TIF,283644
bbbc005,https://data.broadinstitute.org/bbbc/BBBC005/BBBC005_v1_images.zip,BBBC005_v1_images/SIMCEPImages_B18_C74_F4_s07_w2.TIF,288672
bbbc005,https://data.broadinstitute.org/bbbc/BBBC005/BBBC005_v1_images.zip,BBBC005_v1_images/SIMCEPImages_B18_C74_F4_s19_w1.TIF,246362
bbbc005,https://data.broadinstitute.org/bbbc/BBBC005/BBBC005_v1_images.zip,BBBC005_v1_images/SIMCEPImages_B18_C74_F4_s22_w1.TIF,247024
bbbc005,https://data.broadinstitute.org/bbbc/BBBC005/BBBC005_v1_images.zip,BBBC005_v1_images/SIMCEPImages_B18_C74_F4_s22_w2.TIF,293230
bbbc005,https://data.broadinstitute.org/bbbc/BBBC005/BBBC005_v1_images.zip,BBBC005_v1_images/SIMCEPImages_B20_C83_F4_s01_w1.TIF,251196
bbbc005,https://data.broadinstitute.org/bbbc/BBBC005/BBBC005_v1_images.zip,BBBC005_v1_images/SIMCEPImages_B20_C83_F4_s04_w2.TIF,296268
bbbc005,https://data.broadinstitute.org/bbbc/BBBC005/BBBC005_v1_images.zip,BBBC005_v1_images/SIMCEPImages_B20_C83_F4_s13_w1.TIF,259040
bbbc005,https://data.broadinstitute.org/bbbc/BBBC005/BBBC005_v1_images.zip,BBBC005_v1_images/SIMCEPImages_B20_C83_F4_s14_w2.TIF,300386
bbbc005,https://data.broadinstitute.org/bbbc/BBBC005/BBBC005_v1_images.zip,BBBC005_v1_images/SIMCEPImages_B21_C87_F4_s16_w2.TIF,306444
bbbc005,https://data.broadinstitute.org/bbbc/BBBC005/BBBC005_v1_images.zip,BBBC005_v1_images/SIMCEPImages_B22_C91_F4_s07_w2.TIF,305778
bbbc005,https://data.broadinstitute.org/bbbc/BBBC005/BBBC005_v1_images.zip,BBBC005_v1_images/SIMCEPImages_B22_C91_F4_s22_w2.TIF,303308
bbbc005,https://data.broadinstitute.org/bbbc/BBBC005/BBBC005_v1_images.zip,BBBC005_v1_images/SIMCEPImages_B23_C96_F4_s03_w1.TIF,270824
bbbc005,https://data.broadinstitute.org/bbbc/BBBC005/BBBC005_v1_images.zip,BBBC005_v1_images/SIMCEPImages_B23_C96_F4_s05_w1.TIF,254898
bbbc005,https://data.broadinstitute.org/bbbc/BBBC005/BBBC005_v1_images.zip,BBBC005_v1_images/SIMCEPImages_B23_C96_F4_s06_w1.TIF,255906
bbbc005,https://data.broadinstitute.org/bbbc/BBBC005/BBBC005_v1_images.zip,BBBC005_v1_images/SIMCEPImages_B23_C96_F4_s12_w1.TIF,254348
bbbc005,https://data.broadinstitute.org/bbbc/BBBC005/BBBC005_v1_images.zip,BBBC005_v1_images/SIMCEPImages_B24_C100_F4_s05_w1.TIF,257500
bbbc005,https://data.broadinstitute.org/bbbc/BBBC005/BBBC005_v1_images.zip,BBBC005_v1_images/SIMCEPImages_B24_C100_F4_s11_w1.TIF,255364
bbbc005,https://data.broadinstitute.org/bbbc/BBBC005/BBBC005_v1_images.zip,BBBC005_v1_images/SIMCEPImages_B24_C100_F4_s25_w1.TIF,270474
bbbc005,https://data.broadinstitute.org/bbbc/BBBC005/BBBC005_v1_images.zip,BBBC005_v1_images/SIMCEPImages_C01_C1_F7_s09_w1.TIF,60386
bbbc005,https://data.broadinstitute.org/bbbc/BBBC005/BBBC005_v1_images.zip,BBBC005_v1_images/SIMCEPImages_C01_C1_F7_s13_w1.TIF,60624
bbbc005,https://data.broadinstitute.org/bbbc/BBBC005/BBBC005_v1_images.zip,BBBC005_v1_images/SIMCEPImages_C02_C5_F7_s10_w1.TIF,67814
bbbc005,https://data.broadinstitute.org/bbbc/BBBC005/BBBC005_v1_images.zip,BBBC005_v1_images/SIMCEPImages_C03_C10_F7_s02_w1.TIF,75516
bbbc005,https://data.broadinstitute.org/bbbc/BBBC005/BBBC005_v1_images.zip,BBBC005_v1_images/SIMCEPImages_C03_C10_F7_s14_w2.TIF,90202
bbbc005,https://data.broadinstitute.org/bbbc/BBBC005/BBBC005_v1_images.zip,BBBC005_v1_images/SIMCEPImages_C04_C14_F7_s02_w2.TIF,106280
bbbc005,https://data.broadinstitute.org/bbbc/BBBC005/BBBC005_v1_images.zip,BBBC005_v1_images/SIMCEPImages_C04_C14_F7_s12_w2.TIF,106970
bbbc005,https://data.broadinstitute.org/bbbc/BBBC005/BBBC005_v1_images.zip,BBBC005_v1_images/SIMCEPImages_C04_C14_F7_s21_w2.TIF,102790
bbbc005,https://data.broadinstitute.org/bbbc/BBBC005/BBBC005_v1_images.zip,BBBC005_v1_images/SIMCEPImages_C05_C18_F7_s13_w2.TIF,117340
bbbc005,https://data.broadinstitute.org/bbbc/BBBC005/BBBC005_v1_images.zip,BBBC005_v1_images/SIMCEPImages_C05_C18_F7_s15_w2.TIF,116540
bbbc005,https://data.broadinstitute.org/bbbc/BBBC005/BBBC005_v1_images.zip,BBBC005_v1_images/SIMCEPImages_C05_C18_F7_s19_w1.TIF,87592
bbbc005,https://data.broadinstitute.org/bbbc/BBBC005/BBBC005_v1_images.zip,BBBC005_v1_images/SIMCEPImages_C05_C18_F7_s23_w2.TIF,117076
bbbc005,https://data.broadinstitute.org/bbbc/BBBC005/BBBC005_v1_images.zip,BBBC005_v1_images/SIMCEPImages_C05_C18_F7_s24_w2.TIF,118126
bbbc005,https://data.broadinstitute.org/bbbc/BBBC005/BBBC005_v1_images.zip,BBBC005_v1_images/SIMCEPImages_C06_C23_F7_s08_w2.TIF,136770
bbbc005,https://data.broadinstitute.org/bbbc/BBBC005/BBBC005_v1_images.zip,BBBC005_v1_images/SIMCEPImages_C06_C23_F7_s09_w1.TIF,98424
bbbc005,https://data.broadinstitute.org/bbbc/BBBC005/BBBC005_v1_images.zip,BBBC005_v1_images/SIMCEPImages_C06_C23_F7_s10_w2.TIF,130338
bbbc005,https://data.broadinstitute.org/bbbc/BBBC005/BBBC005_v1_images.zip,BBBC005_v1_images/SIMCEPImages_C06_C23_F7_s13_w1.TIF,97240
bbbc005,https://data.broadinstitute.org/bbbc/BBBC005/BBBC005_v1_images.zip,BBBC005_v1_images/SIMCEPImages_C06_C23_F7_s25_w2.TIF,137850
bbbc005,https://data.broadinstitute.org/bbbc/BBBC005/BBBC005_v1_images.zip,BBBC005_v1_images/SIMCEPImages_C07_C27_F7_s18_w2.TIF,137354
bbbc005,https://data.broadinstitute.org/bbbc/BBBC005/BBBC005_v1_images.zip,BBBC005_v1_images/SIMCEPImages_C07_C27_F7_s21_w2.TIF,139370
bbbc005,https://data.broadinstitute.org/bbbc/BBBC005/BBBC005_v1_images.zip,BBBC005_v1_images/SIMCEPImages_C08_C31_F7_s02_w2.TIF,153404
bbbc005,https://data.broadinstitute.org/bbbc/BBBC005/BBBC005_v1_images.zip,BBBC005_v1_images/SIMCEPImages_C08_C31_F7_s11_w1.TIF,109704
bbbc005,https://data.broadinstitute.org/bbbc/BBBC005/BBBC005_v1_images.zip,BBBC005_v1_images/SIMCEPImages_C08_C31_F7_s12_w2.TIF,151216
bbbc005,https://data.broadinstitute.org/bbbc/BBBC005/BBBC005_v1_images.zip,BBBC005_v1_images/SIMCEPImages_C08_C31_F7_s13_w1.TIF,106834
bbbc005,https://data.broadinstitute.org/bbbc/BBBC005/BBBC005_v1_images.zip,BBBC005_v1_images/SIMCEPImages_C08_C31_F7_s22_w2.TIF,153246
bbbc005,https://data.broadinstitute.org/bbbc/BBBC005/BBBC005_v1_images.zip,BBBC005_v1_images/SIMCEPImages_C09_C35_F7_s03_w2.TIF,162006
bbbc005,https://data.broadinstitute.org/bbbc/BBBC005/BBBC005_v1_images.zip,BBBC005_v1_images/SIMCEPImages_C09_C35_F7_s18_w1.TIF,114722
bbbc005,https://data.broadinstitute.org/bbbc/BBBC005/BBBC005_v1_images.zip,BBBC005_v1_images/SIMCEPImages_C09_C35_F7_s20_w1.TIF,114184
bbbc005,https://data.broadinstitute.org/bbbc/BBBC005/BBBC005_v1_images.zip,BBBC005_v1_images/SIMCEPImages_C09_C35_F7_s25_w1.TIF,119882
bbbc005,https://data.broadinstitute.org/bbbc/BBBC005/BBBC005_v1_images.zip,BBBC005_v1_images/SIMCEPImages_C11_C44_F7_s22_w2.TIF,183788
bbbc005,https://data.broadinstitute.org/bbbc/BBBC005/BBBC005_v1_images.zip,BBBC005_v1_images/SIMCEPImages_C12_C48_F7_s11_w1.TIF,132874
bbbc005,https://data.broadinstitute.org/bbbc/BBBC005/BBBC005_v1_images.zip,BBBC005_v1_images/SIMCEPImages_C12_C48_F7_s17_w2.TIF,200176
bbbc005,https://data.broadinstitute.org/bbbc/BBBC005/BBBC005_v1_images.zip,BBBC005_v1_images/SIMCEPImages_C12_C48_F7_s20_w1.TIF,135908
bbbc005,https://data.broadinstitute.org/bbbc/BBBC005/BBBC005_v1_images.zip,BBBC005_v1_images/SIMCEPImages_C12_C48_F7_s25_w2.TIF,194550
bbbc005,https://data.broadinstitute.org/bbbc/BBBC005/BBBC005_v1_images.zip,BBBC005_v1_images/SIMCEPImages_C13_C53_F7_s02_w1.TIF,145142
bbbc005,https://data.broadinstitute.org/bbbc/BBBC005/BBBC005_v1_images.zip,BBBC005_v1_images/SIMCEPImages_C13_C53_F7_s17_w1.TIF,141402
bbbc005,https://data.broadinstitute.org/bbbc/BBBC005/BBBC005_v1_images.zip,BBBC005_v1_images/SIMCEPImages_C14_C57_F7_s04_w1.TIF,146102
bbbc005,https://data.broadinstitute.org/bbbc/BBBC005/BBBC005_v1_images.zip,BBBC005_v1_images/SIMCEPImages_C14_C57_F7_s07_w2.TIF,214820
bbbc005,https://data.broadinstitute.org/bbbc/BBBC005/BBBC005_v1_images.zip,BBBC005_v1_images/SIMCEPImages_C14_C57_F7_s11_w1.TIF,148816
bbbc005,https://data.broadinstitute.org/bbbc/BBBC005/BBBC005_v1_images.zip,BBBC005_v1_images/SIMCEPImages_C15_C61_F7_s04_w2.TIF,236664
bbbc005,https://data.broadinstitute.org/bbbc/BBBC005/BBBC005_v1_images.zip,BBBC005_v1_images/SIMCEPImages_C17_C70_F7_s03_w1.TIF,161968
bbbc005,https://data.broadinstitute.org/bbbc/BBBC005/BBBC005_v1_images.zip,BBBC005_v1_images/SIMCEPImages_C17_C70_F7_s07_w2.TIF,246142
bbbc005,https://data.broadinstitute.org/bbbc/BBBC005/BBBC005_v1_images.zip,BBBC005_v1_images/SIMCEPImages_C17_C70_F7_s18_w2.TIF,244040
bbbc005,https://data.broadinstitute.org/bbbc/BBBC005/BBBC005_v1_images.zip,BBBC005_v1_images/SIMCEPImages_C17_C70_F7_s19_w1.TIF,163220
bbbc005,https://data.broadinstitute.org/bbbc/BBBC005/BBBC005_v1_images.zip,BBBC005_v1_images/SIMCEPImages_C17_C70_F7_s21_w1.TIF,162464
bbbc005,https://data.broadinstitute.org/bbbc/BBBC005/BBBC005_v1_images.zip,BBBC005_v1_images/SIMCEPImages_C18_C74_F7_s01_w1.TIF,172780
bbbc005,https://data.broadinstitute.org/bbbc/BBBC005/BBBC005_v1_images.zip,BBBC005_v1_images/SIMCEPImages_C18_C74_F7_s04_w2.TIF,252766
bbbc005,https://data.broadinstitute.org/bbbc/BBBC005/BBBC005_v1_images.zip,BBBC005_v1_images/SIMCEPImages_C18_C74_F7_s17_w1.TIF,166066
bbbc005,https://data.broadinstitute.org/bbbc/BBBC005/BBBC005_v1_images.zip,BBBC005_v1_images/SIMCEPImages_C18_C74_F7_s24_w1.TIF,164886
bbbc005,https://data.broadinstitute.org/bbbc/BBBC005/BBBC005_v1_images.zip,BBBC005_v1_images/SIMCEPImages_C18_C74_F7_s25_w2.TIF,257622
bbbc005,https://data.broadinstitute.org/bbbc/BBBC005/BBBC005_v1_images.zip,BBBC005_v1_images/SIMCEPImages_C19_C78_F7_s04_w1.TIF,179734
bbbc005,https://data.broadinstitute.org/bbbc/BBBC005/BBBC005_v1_images.zip,BBBC005_v1_images/SIMCEPImages_C19_C78_F7_s13_w2.TIF,263092
bbbc005,https://data.broadinstitute.org/bbbc/BBBC005/BBBC005_v1_images.zip,BBBC005_v1_images/SIMCEPImages_C19_C78_F7_s22_w2.TIF,259550
bbbc005,https://data.broadinstitute.org/bbbc/BBBC005/BBBC005_v1_images.zip,BBBC005_v1_images/SIMCEPImages_C20_C83_F7_s02_w2.TIF,272438
bbbc005,https://data.broadinstitute.org/bbbc/BBBC005/BBBC005_v1_images.zip,BBBC005_v1_images/SIMCEPImages_C20_C83_F7_s06_w2.TIF,263330
bbbc005,https://data.broadinstitute.org/bbbc/BBBC005/BBBC005_v1_images.zip,BBBC005_v1_images/SIMCEPImages_C21_C87_F7_s15_w1.TIF,185772
bbbc005,https://data.broadinstitute.org/bbbc/BBBC005/BBBC005_v1_images.zip,BBBC005_v1_images/SIMCEPImages_C21_C87_F7_s17_w1.TIF,190470
bbbc005,https://data.broadinstitute.org/bbbc/BBBC005/BBBC005_v1_images.zip,BBBC005_v1_images/SIMCEPImages_C22_C91_F7_s01_w1.TIF,186618
bbbc005,https://data.broadinstitute.org/bbbc/BBBC005/BBBC005_v1_images.zip,BBBC005_v1_images/SIMCEPImages_C22_C91_F7_s03_w2.TIF,269966
bbbc005,https://data.broadinstitute.org/bbbc/BBBC005/BBBC005_v1_images.zip,BBBC005_v1_images/SIMCEPImages_C23_C96_F7_s08_w2.TIF,288846
bbbc005,https://data.broadinstitute.org/bbbc/BBBC005/BBBC005_v1_images.zip,BBBC005_v1_images/SIMCEPImages_C24_C100_F7_s05_w2.TIF,296130
bbbc005,https://data.broadinstitute.org/bbbc/BBBC005/BBBC005_v1_images.zip,BBBC005_v1_images/SIMCEPImages_C24_C100_F7_s06_w1.TIF,195486
bbbc005,https://data.broadinstitute.org/bbbc/BBBC005/BBBC005_v1_images.zip,BBBC005_v1_images/SIMCEPImages_C24_C100_F7_s12_w2.TIF,290046
bbbc005,https://data.broadinstitute.org/bbbc/BBBC005/BBBC005_v1_images.zip,BBBC005_v1_images/SIMCEPImages_D01_C1_F10_s19_w2.TIF,27098
bbbc005,https://data.broadinstitute.org/bbbc/BBBC005/BBBC005_v1_images.zip,BBBC005_v1_images/SIMCEPImages_D02_C5_F10_s13_w2.TIF,46164
bbbc005,https://data.broadinstitute.org/bbbc/BBBC005/BBBC005_v1_images.zip,BBBC005_v1_images/SIMCEPImages_D02_C5_F10_s17_w1.TIF,28730
bbbc005,https://data.broadinstitute.org/bbbc/BBBC005/BBBC005_v1_images.zip,BBBC005_v1_images/SIMCEPImages_D03_C10_F10_s09_w2.TIF,67668
bbbc005,https://data.broadinstitute.org/bbbc/BBBC005/BBBC005_v1_images.zip,BBBC005_v1_images/SIMCEPImages_D04_C14_F10_s01_w1.TIF,45400
bbbc005,https://data.broadinstitute.org/bbbc/BBBC005/BBBC005_v1_images.zip,BBBC005_v1_images/SIMCEPImages_D04_C14_F10_s08_w1.TIF,45484
bbbc005,https://data.broadinstitute.org/bbbc/BBBC005/BBBC005_v1_images.zip,BBBC005_v1_images/SIMCEPImages_D04_C14_F10_s10_w1.TIF,44310
bbbc005,https://data.broadinstitute.org/bbbc/BBBC005/BBBC005_v1_images.zip,BBBC005_v1_images/SIMCEPImages_D04_C14_F10_s11_w2.TIF,84362
bbbc005,https://data.broadinstitute.org/bbbc/BBBC005/BBBC005_v1_images.zip,BBBC005_v1_images/SIMCEPImages_D04_C14_F10_s15_w2.TIF,86104
bbbc005,https://data.broadinstitute.org/bbbc/BBBC005/BBBC005_v1_images.zip,BBBC005_v1_images/SIMCEPImages_D04_C14_F10_s22_w2.TIF,81054
bbbc005,https://data.broadinstitute.org/bbbc/BBBC005/BBBC005_v1_images.zip,BBBC005_v1_images/SIMCEPImages_D05_C18_F10_s01_w2.TIF,99902
bbbc005,https://data.broadinstitute.org/bbbc/BBBC005/BBBC005_v1_images.zip,BBBC005_v1_images/SIMCEPImages_D05_C18_F10_s02_w1.TIF,49952
bbbc005,https://data.broadinstitute.org/bbbc/BBBC005/BBBC005_v1_images.zip,BBBC005_v1_images/SIMCEPImages_D05_C18_F10_s04_w1.TIF,50736
bbbc005,https://data.broadinstitute.org/bbbc/BBBC005/BBBC005_v1_images.zip,BBBC005_v1_images/SIMCEPImages_D05_C18_F10_s20_w1.TIF,53046
bbbc005,https://data.broadinstitute.org/bbbc/BBBC005/BBBC005_v1_images.zip,BBBC005_v1_images/SIMCEPImages_D05_C18_F10_s21_w1.TIF,53900
bbbc005,https://data.broadinstitute.org/bbbc/BBBC005/BBBC005_v1_images.zip,BBBC005_v1_images/SIMCEPImages_D06_C23_F10_s11_w1.TIF,59952
bbbc005,https://data.broadinstitute.org/bbbc/BBBC005/BBBC005_v1_images.zip,BBBC005_v1_images/SIMCEPImages_D06_C23_F10_s12_w1.TIF,61798
bbbc005,https://data.broadinstitute.org/bbbc/BBBC005/BBBC005_v1_images.zip,BBBC005_v1_images/SIMCEPImages_D06_C23_F10_s21_w1.TIF,61458
bbbc005,https://data.broadinstitute.org/bbbc/BBBC005/BBBC005_v1_images.zip,BBBC005_v1_images/SIMCEPImages_D06_C23_F10_s24_w1.TIF,64004
bbbc005,https://data.broadinstitute.org/bbbc/BBBC005/BBBC005_v1_images.zip,BBBC005_v1_images/SIMCEPImages_D07_C27_F10_s12_w1.TIF,67900
bbbc005,https://data.broadinstitute.org/bbbc/BBBC005/BBBC005_v1_images.zip,BBBC005_v1_images/SIMCEPImages_D07_C27_F10_s25_w2.TIF,128622
bbbc005,https://data.broadinstitute.org/bbbc/BBBC005/BBBC005_v1_images.zip,BBBC005_v1_images/SIMCEPImages_D08_C31_F10_s05_w2.TIF,135280
bbbc005,https://data.broadinstitute.org/bbbc/BBBC005/BBBC005_v1_images.zip,BBBC005_v1_images/SIMCEPImages_D08_C31_F10_s14_w2.TIF,153052
bbbc005,https://data.broadinstitute.org/bbbc/BBBC005/BBBC005_v1_images.zip,BBBC005_v1_images/SIMCEPImages_D08_C31_F10_s17_w2.TIF,125890
bbbc005,https://data.broadinstitute.org/bbbc/BBBC005/BBBC005_v1_images.zip,BBBC005_v1_images/SIMCEPImages_D09_C35_F10_s19_w1.TIF,83868
bbbc005,https://data.broadinstitute.org/bbbc/BBBC005/BBBC005_v1_images.zip,BBBC005_v1_images/SIMCEPImages_D09_C35_F10_s21_w1.TIF,83374
bbbc005,https://data.broadinstitute.org/bbbc/BBBC005/BBBC005_v1_images.zip,BBBC005_v1_images/SIMCEPImages_D10_C40_F10_s05_w2.TIF,164684
bbbc005,https://data.broadinstitute.org/bbbc/BBBC005/BBBC005_v1_images.zip,BBBC005_v1_images/SIMCEPImages_D10_C40_F10_s12_w2.TIF,158662
bbbc005,https://data.broadinstitute.org/bbbc/BBBC005/BBBC005_v1_images.zip,BBBC005_v1_images/SIMCEPImages_D10_C40_F10_s14_w2.TIF,169462
bbbc005,https://data.broadinstitute.org/bbbc/BBBC005/BBBC005_v1_images.zip,BBBC005_v1_images/SIMCEPImages_D10_C40_F10_s20_w2.TIF,165298
bbbc005,https://data.broadinstitute.org/bbbc/BBBC005/BBBC005_v1_images.zip,BBBC005_v1_images/SIMCEPImages_D11_C44_F10_s02_w2.TIF,184700
bbbc005,https://data.broadinstitute.org/bbbc/BBBC005/BBBC005_v1_images.zip,BBBC005_v1_images/SIMCEPImages_D12_C48_F10_s08_w2.TIF,186736
bbbc005,https://data.broadinstitute.org/bbbc/BBBC005/BBBC005_v1_images.zip,BBBC005_v1_images/SIMCEPImages_D12_C48_F10_s12_w1.TIF,104804
bbbc005,https://data.broadinstitute.org/bbbc/BBBC005/BBBC005_v1_images.zip,BBBC005_v1_images/SIMCEPImages_D12_C48_F10_s24_w2.TIF,183642
bbbc005,https://data.broadinstitute.org/bbbc/BBBC005/BBBC005_v1_images.zip,BBBC005_v1_images/SIMCEPImages_D13_C53_F10_s18_w1.TIF,113040
bbbc005,https://data.broadinstitute.org/bbbc/BBBC005/BBBC005_v1_images.zip,BBBC005_v1_images/SIMCEPImages_D13_C53_F10_s25_w1.TIF,112146
bbbc005,https://data.broadinstitute.org/bbbc/BBBC005/BBBC005_v1_images.zip,BBBC005_v1_images/SIMCEPImages_D14_C57_F10_s08_w2.TIF,204246
bbbc005,https://data.broadinstitute.org/bbbc/BBBC005/BBBC005_v1_images.zip,BBBC005_v1_images/SIMCEPImages_D14_C57_F10_s09_w2.TIF,210472
bbbc005,https://data.broadinstitute.org/bbbc/BBBC005/BBBC005_v1_images.zip,BBBC005_v1_images/SIMCEPImages_D14_C57_F10_s14_w1.TIF,121386
bbbc005,https://data.broadinstitute.org/bbbc/BBBC005/BBBC005_v1_images.zip,BBBC005_v1_images/SIMCEPImages_D15_C61_F10_s14_w1.TIF,126618
bbbc005,https://data.broadinstitute.org/bbbc/BBBC005/BBBC005_v1_images.zip,BBBC005_v1_images/SIMCEPImages_D15_C61_F10_s17_w2.TIF,206680
bbbc005,https://data.broadinstitute.org/bbbc/BBBC005/BBBC005_v1_images.zip,BBBC005_v1_images/SIMCEPImages_D15_C61_F10_s19_w1.TIF,123222
bbbc005,https://data.broadinstitute.org/bbbc/BBBC005/BBBC005_v1_images.zip,BBBC005_v1_images/SIMCEPImages_D15_C61_F10_s25_w1.TIF,131592
bbbc005,https://data.broadinstitute.org/bbbc/BBBC005/BBBC005_v1_images.zip,BBBC005_v1_images/SIMCEPImages_D16_C66_F10_s11_w2.TIF,231356
bbbc005,https://data.broadinstitute.org/bbbc/BBBC005/BBBC005_v1_images.zip,BBBC005_v1_images/SIMCEPImages_D17_C70_F10_s03_w1.TIF,138064
bbbc005,https://data.broadinstitute.org/bbbc/BBBC005/BBBC005_v1_images.zip,BBBC005_v1_images/SIMCEPImages_D17_C70_F10_s10_w1.TIF,144046
bbbc005,https://data.broadinstitute.org/bbbc/BBBC005/BBBC005_v1_images.zip,BBBC005_v1_images/SIMCEPImages_D19_C78_F10_s08_w2.TIF,257290
bbbc005,https://data.broadinstitute.org/bbbc/BBBC005/BBBC005_v1_images.zip,BBBC005_v1_images/SIMCEPImages_D19_C78_F10_s19_w1.TIF,153766
bbbc005,https://data.broadinstitute.org/bbbc/BBBC005/BBBC005_v1_images.zip,BBBC005_v1_images/SIMCEPImages_D20_C83_F10_s07_w2.TIF,272158
bbbc005,https://data.broadinstitute.org/bbbc/BBBC005/BBBC005_v1_images.zip,BBBC005_v1_images/SIMCEPImages_D20_C83_F10_s12_w1.TIF,163574
bbbc005,https://data.broadinstitute.org/bbbc/BBBC005/BBBC005_v1_images.zip,BBBC005_v1_images/SIMCEPImages_D20_C83_F10_s15_w2.TIF,267756
bbbc005,https://data.broadinstitute.org/bbbc/BBBC005/BBBC005_v1_images.zip,BBBC005_v1_images/SIMCEPImages_D21_C87_F10_s01_w1.TIF,161530
bbbc005,https://data.broadinstitute.org/bbbc/BBBC005/BBBC005_v1_images.zip,BBBC005_v1_images/SIMCEPImages_D21_C87_F10_s05_w2.TIF,266508
bbbc005,https://data.broadinstitute.org/bbbc/BBBC005/BBBC005_v1_images.zip,BBBC005_v1_images/SIMCEPImages_D21_C87_F10_s09_w2.TIF,277594
bbbc005,https://data.broadinstitute.org/bbbc/BBBC005/BBBC005_v1_images.zip,BBBC005_v1_images/SIMCEPImages_D21_C87_F10_s25_w2.TIF,280624
bbbc005,https://data.broadinstitute.org/bbbc/BBBC005/BBBC005_v1_images.zip,BBBC005_v1_images/SIMCEPImages_D22_C91_F10_s07_w1.TIF,172310
bbbc005,https://data.broadinstitute.org/bbbc/BBBC005/BBBC005_v1_images.zip,BBBC005_v1_images/SIMCEPImages_D22_C91_F10_s10_w2.TIF,283570
bbbc005,https://data.broadinstitute.org/bbbc/BBBC005/BBBC005_v1_images.zip,BBBC005_v1_images/SIMCEPImages_D22_C91_F10_s11_w2.TIF,278724
bbbc005,https://data.broadinstitute.org/bbbc/BBBC005/BBBC005_v1_images.zip,BBBC005_v1_images/SIMCEPImages_D22_C91_F10_s15_w2.TIF,279852
bbbc005,https://data.broadinstitute.org/bbbc/BBBC005/BBBC005_v1_images.zip,BBBC005_v1_images/SIMCEPImages_D22_C91_F10_s23_w2.TIF,282638
bbbc005,https://data.broadinstitute.org/bbbc/BBBC005/BBBC005_v1_images.zip,BBBC005_v1_images/SIMCEPImages_D24_C100_F10_s12_w2.TIF,286252
bbbc005,https://data.broadinstitute.org/bbbc/BBBC005/BBBC005_v1_images.zip,BBBC005_v1_images/SIMCEPImages_D24_C100_F10_s23_w2.TIF,285082
bbbc005,https://data.broadinstitute.org/bbbc/BBBC005/BBBC005_v1_images.zip,BBBC005_v1_images/SIMCEPImages_E01_C1_F14_s08_w1.TIF,11154
bbbc005,https://data.broadinstitute.org/bbbc/BBBC005/BBBC005_v1_images.zip,BBBC005_v1_images/SIMCEPImages_E01_C1_F14_s08_w2.TIF,16546
bbbc005,https://data.broadinstitute.org/bbbc/BBBC005/BBBC005_v1_images.zip,BBBC005_v1_images/SIMCEPImages_E01_C1_F14_s17_w2.TIF,17656
bbbc005,https://data.broadinstitute.org/bbbc/BBBC005/BBBC005_v1_images.zip,BBBC005_v1_images/SIMCEPImages_E02_C5_F14_s01_w1.TIF,19216
bbbc005,https://data.broadinstitute.org/bbbc/BBBC005/BBBC005_v1_images.zip,BBBC005_v1_images/SIMCEPImages_E02_C5_F14_s06_w2.TIF,36876
bbbc005,https://data.broadinstitute.org/bbbc/BBBC005/BBBC005_v1_images.zip,BBBC005_v1_images/SIMCEPImages_E02_C5_F14_s07_w1.TIF,19724
bbbc005,https://data.broadinstitute.org/bbbc/BBBC005/BBBC005_v1_images.zip,BBBC005_v1_images/SIMCEPImages_E02_C5_F14_s14_w1.TIF,20494
bbbc005,https://data.broadinstitute.org/bbbc/BBBC005/BBBC005_v1_images.zip,BBBC005_v1_images/SIMCEPImages_E02_C5_F14_s24_w1.TIF,17342
bbbc005,https://data.broadinstitute.org/bbbc/BBBC005/BBBC005_v1_images.zip,BBBC005_v1_images/SIMCEPImages_E03_C10_F14_s01_w1.TIF,29744
bbbc005,https://data.broadinstitute.org/bbbc/BBBC005/BBBC005_v1_images.zip,BBBC005_v1_images/SIMCEPImages_E03_C10_F14_s25_w1.TIF,27374
bbbc005,https://data.broadinstitute.org/bbbc/BBBC005/BBBC005_v1_images.zip,BBBC005_v1_images/SIMCEPImages_E04_C14_F14_s05_w1.TIF,39570
bbbc005,https://data.broadinstitute.org/bbbc/BBBC005/BBBC005_v1_images.zip,BBBC005_v1_images/SIMCEPImages_E04_C14_F14_s06_w1.TIF,38046
bbbc005,https://data.broadinstitute.org/bbbc/BBBC005/BBBC005_v1_images.zip,BBBC005_v1_images/SIMCEPImages_E05_C18_F14_s14_w2.TIF,92124
bbbc005,https://data.broadinstitute.org/bbbc/BBBC005/BBBC005_v1_images.zip,BBBC005_v1_images/SIMCEPImages_E05_C18_F14_s20_w2.TIF,96676
bbbc005,https://data.broadinstitute.org/bbbc/BBBC005/BBBC005_v1_images.zip,BBBC005_v1_images/SIMCEPImages_E05_C18_F14_s22_w1.TIF,47592
bbbc005,https://data.broadinstitute.org/bbbc/BBBC005/BBBC005_v1_images.zip,BBBC005_v1_images/SIMCEPImages_E06_C23_F14_s06_w1.TIF,55556
bbbc005,https://data.broadinstitute.org/bbbc/BBBC005/BBBC005_v1_images.zip,BBBC005_v1_images/SIMCEPImages_E07_C27_F14_s01_w1.TIF,65150
bbbc005,https://data.broadinstitute.org/bbbc/BBBC005/BBBC005_v1_images.zip,BBBC005_v1_images/SIMCEPImages_E07_C27_F14_s05_w1.TIF,65402
bbbc005,https://data.broadinstitute.org/bbbc/BBBC005/BBBC005_v1_images.zip,BBBC005_v1_images/SIMCEPImages_E07_C27_F14_s09_w1.TIF,59212
bbbc005,https://data.broadinstitute.org/bbbc/BBBC005/BBBC005_v1_images.zip,BBBC005_v1_images/SIMCEPImages_E07_C27_F14_s10_w2.TIF,125884
bbbc005,https://data.broadinstitute.org/bbbc/BBBC005/BBBC005_v1_images.zip,BBBC005_v1_images/SIMCEPImages_E07_C27_F14_s13_w2.TIF,127084
bbbc005,https://data.broadinstitute.org/bbbc/BBBC005/BBBC005_v1_images.zip,BBBC005_v1_images/SIMCEPImages_E07_C27_F14_s24_w1.TIF,64402
bbbc005,https://data.broadinstitute.org/bbbc/BBBC005/BBBC005_v1_images.zip,BBBC005_v1_images/SIMCEPImages_E08_C31_F14_s09_w2.TIF,136506
bbbc005,https://data.broadinstitute.org/bbbc/BBBC005/BBBC005_v1_images.zip,BBBC005_v1_images/SIMCEPImages_E08_C31_F14_s18_w1.TIF,70190
bbbc005,https://data.broadinstitute.org/bbbc/BBBC005/BBBC005_v1_images.zip,BBBC005_v1_images/SIMCEPImages_E09_C35_F14_s23_w2.TIF,157654
bbbc005,https://data.broadinstitute.org/bbbc/BBBC005/BBBC005_v1_images.zip,BBBC005_v1_images/SIMCEPImages_E10_C40_F14_s08_w2.TIF,155560
bbbc005,https://data.broadinstitute.org/bbbc/BBBC005/BBBC005_v1_images.zip,BBBC005_v1_images/SIMCEPImages_E11_C44_F14_s04_w1.TIF,95686
bbbc005,https://data.broadinstitute.org/bbbc/BBBC005/BBBC005_v1_images.zip,BBBC005_v1_images/SIMCEPImages_E11_C44_F14_s19_w1.TIF,97646
bbbc005,https://data.broadinstitute.org/bbbc/BBBC005/BBBC005_v1_images.zip,BBBC005_v1_images/SIMCEPImages_E12_C48_F14_s05_w2.TIF,194918
bbbc005,https://data.broadinstitute.org/bbbc/BBBC005/BBBC005_v1_images.zip,BBBC005_v1_images/SIMCEPImages_E12_C48_F14_s09_w2.TIF,188412
bbbc005,https://data.broadinstitute.org/bbbc/BBBC005/BBBC005_v1_images.zip,BBBC005_v1_images/SIMCEPImages_E12_C48_F14_s10_w2.TIF,200066
bbbc005,https://data.broadinstitute.org/bbbc/BBBC005/BBBC005_v1_images.zip,BBBC005_v1_images/SIMCEPImages_E13_C53_F14_s15_w1.TIF,105038
bbbc005,https://data.broadinstitute.org/bbbc/BBBC005/BBBC005_v1_images.zip,BBBC005_v1_images/SIMCEPImages_E14_C57_F14_s04_w2.TIF,210180
bbbc005,https://data.broadinstitute.org/bbbc/BBBC005/BBBC005_v1_images.zip,BBBC005_v1_images/SIMCEPImages_E14_C57_F14_s05_w1.TIF,121818
bbbc005,https://data.broadinstitute.org/bbbc/BBBC005/BBBC005_v1_images.zip,BBBC005_v1_images/SIMCEPImages_E15_C61_F14_s07_w2.TIF,227876
bbbc005,https://data.broadinstitute.org/bbbc/BBBC005/BBBC005_v1_images.zip,BBBC005_v1_images/SIMCEPImages_E16_C66_F14_s01_w2.TIF,226316
bbbc005,https://data.broadinstitute.org/bbbc/BBBC005/BBBC005_v1_images.zip,BBBC005_v1_images/SIMCEPImages_E16_C66_F14_s19_w1.TIF,131114
bbbc005,https://data.broadinstitute.org/bbbc/BBBC005/BBBC005_v1_images.zip,BBBC005_v1_images/SIMCEPImages_E18_C74_F14_s03_w1.TIF,144360
bbbc005,https://data.broadinstitute.org/bbbc/BBBC005/BBBC005_v1_images.zip,BBBC005_v1_images/SIMCEPImages_E18_C74_F14_s16_w2.TIF,247844
bbbc005,https://data.broadinstitute.org/bbbc/BBBC005/BBBC005_v1_images.zip,BBBC005_v1_images/SIMCEPImages_E19_C78_F14_s13_w2.TIF,260622
bbbc005,https://data.broadinstitute.org/bbbc/BBBC005/BBBC005_v1_images.zip,BBBC005_v1_images/SIMCEPImages_E19_C78_F14_s15_w1.TIF,148104
bbbc005,https://data.broadinstitute.org/bbbc/BBBC005/BBBC005_v1_images.zip,BBBC005_v1_images/SIMCEPImages_E21_C87_F14_s15_w2.TIF,280214
bbbc005,https://data.broadinstitute.org/bbbc/BBBC005/BBBC005_v1_images.zip,BBBC005_v1_images/SIMCEPImages_E21_C87_F14_s22_w1.TIF,166312
bbbc005,https://data.broadinstitute.org/bbbc/BBBC005/BBBC005_v1_images.zip,BBBC005_v1_images/SIMCEPImages_E22_C91_F14_s18_w1.TIF,174202
bbbc005,https://data.broadinstitute.org/bbbc/BBBC005/BBBC005_v1_images.zip,BBBC005_v1_images/SIMCEPImages_E23_C96_F14_s05_w1.TIF,185074
bbbc005,https://data.broadinstitute.org/bbbc/BBBC005/BBBC005_v1_images.zip,BBBC005_v1_images/SIMCEPImages_E23_C96_F14_s06_w1.TIF,182730
bbbc005,https://data.broadinstitute.org/bbbc/BBBC005/BBBC005_v1_images.zip,BBBC005_v1_images/SIMCEPImages_E24_C100_F14_s07_w1.TIF,183460
bbbc005,https://data.broadinstitute.org/bbbc/BBBC005/BBBC005_v1_images.zip,BBBC005_v1_images/SIMCEPImages_E24_C100_F14_s11_w2.TIF,293736
bbbc005,https://data.broadinstitute.org/bbbc/BBBC005/BBBC005_v1_images.zip,BBBC005_v1_images/SIMCEPImages_F01_C1_F17_s13_w2.TIF,15176
bbbc005,https://data.broadinstitute.org/bbbc/BBBC005/BBBC005_v1_images.zip,BBBC005_v1_images/SIMCEPImages_F01_C1_F17_s14_w2.TIF,16750
bbbc005,https://data.broadinstitute.org/bbbc/BBBC005/BBBC005_v1_images.zip,BBBC005_v1_images/SIMCEPImages_F01_C1_F17_s16_w1.TIF,10774
bbbc005,https://data.broadinstitute.org/bbbc/BBBC005/BBBC005_v1_images.zip,BBBC005_v1_images/SIMCEPImages_F02_C5_F17_s06_w2.TIF,36596
bbbc005,https://data.broadinstitute.org/bbbc/BBBC005/BBBC005_v1_images.zip,BBBC005_v1_images/SIMCEPImages_F02_C5_F17_s13_w1.TIF,20126
bbbc005,https://data.broadinstitute.org/bbbc/BBBC005/BBBC005_v1_images.zip,BBBC005_v1_images/SIMCEPImages_F02_C5_F17_s14_w2.TIF,37136
bbbc005,https://data.broadinstitute.org/bbbc/BBBC005/BBBC005_v1_images.zip,BBBC005_v1_images/SIMCEPImages_F03_C10_F17_s10_w1.TIF,30068
bbbc005,https://data.broadinstitute.org/bbbc/BBBC005/BBBC005_v1_images.zip,BBBC005_v1_images/SIMCEPImages_F03_C10_F17_s10_w2.TIF,60462
bbbc005,https://data.broadinstitute.org/bbbc/BBBC005/BBBC005_v1_images.zip,BBBC005_v1_images/SIMCEPImages_F03_C10_F17_s11_w2.TIF,58460
bbbc005,https://data.broadinstitute.org/bbbc/BBBC005/BBBC005_v1_images.zip,BBBC005_v1_images/SIMCEPImages_F03_C10_F17_s14_w2.TIF,56434
bbbc005,https://data.broadinstitute.org/bbbc/BBBC005/BBBC005_v1_images.zip,BBBC005_v1_images/SIMCEPImages_F04_C14_F17_s02_w2.TIF,77932
bbbc005,https://data.broadinstitute.org/bbbc/BBBC005/BBBC005_v1_images.zip,BBBC005_v1_images/SIMCEPImages_F04_C14_F17_s06_w1.TIF,38456
bbbc005,https://data.broadinstitute.org/bbbc/BBBC005/BBBC005_v1_images.zip,BBBC005_v1_images/SIMCEPImages_F04_C14_F17_s14_w2.TIF,72616
bbbc005,https://data.broadinstitute.org/bbbc/BBBC005/BBBC005_v1_images.zip,BBBC005_v1_images/SIMCEPImages_F04_C14_F17_s24_w2.TIF,73390
bbbc005,https://data.broadinstitute.org/bbbc/BBBC005/BBBC005_v1_images.zip,BBBC005_v1_images/SIMCEPImages_F05_C18_F17_s03_w2.TIF,105718
bbbc005,https://data.broadinstitute.org/bbbc/BBBC005/BBBC005_v1_images.zip,BBBC005_v1_images/SIMCEPImages_F05_C18_F17_s16_w1.TIF,47658
bbbc005,https://data.broadinstitute.org/bbbc/BBBC005/BBBC005_v1_images.zip,BBBC005_v1_images/SIMCEPImages_F05_C18_F17_s20_w1.TIF,47986
bbbc005,https://data.broadinstitute.org/bbbc/BBBC005/BBBC005_v1_images.zip,BBBC005_v1_images/SIMCEPImages_F05_C18_F17_s21_w1.TIF,48370
bbbc005,https://data.broadinstitute.org/bbbc/BBBC005/BBBC005_v1_images.zip,BBBC005_v1_images/SIMCEPImages_F05_C18_F17_s21_w2.TIF,97930
bbbc005,https://data.broadinstitute.org/bbbc/BBBC005/BBBC005_v1_images.zip,BBBC005_v1_images/SIMCEPImages_F06_C23_F17_s06_w1.TIF,56492
bbbc005,https://data.broadinstitute.org/bbbc/BBBC005/BBBC005_v1_images.zip,BBBC005_v1_images/SIMCEPImages_F06_C23_F17_s08_w2.TIF,117048
bbbc005,https://data.broadinstitute.org/bbbc/BBBC005/BBBC005_v1_images.zip,BBBC005_v1_images/SIMCEPImages_F06_C23_F17_s20_w2.TIF,118504
bbbc005,https://data.broadinstitute.org/bbbc/BBBC005/BBBC005_v1_images.zip,BBBC005_v1_images/SIMCEPImages_F07_C27_F17_s01_w2.TIF,130784
bbbc005,https://data.broadinstitute.org/bbbc/BBBC005/BBBC005_v1_images.zip,BBBC005_v1_images/SIMCEPImages_F07_C27_F17_s10_w2.TIF,128066
bbbc005,https://data.broadinstitute.org/bbbc/BBBC005/BBBC005_v1_images.zip,BBBC005_v1_images/SIMCEPImages_F08_C31_F17_s14_w1.TIF,77088
bbbc005,https://data.broadinstitute.org/bbbc/BBBC005/BBBC005_v1_images.zip,BBBC005_v1_images/SIMCEPImages_F08_C31_F17_s20_w1.TIF,73510
bbbc005,https://data.broadinstitute.org/bbbc/BBBC005/BBBC005_v1_images.zip,BBBC005_v1_images/SIMCEPImages_F09_C35_F17_s12_w2.TIF,156318
bbbc005,https://data.broadinstitute.org/bbbc/BBBC005/BBBC005_v1_images.zip,BBBC005_v1_images/SIMCEPImages_F09_C35_F17_s15_w1.TIF,76944
bbbc005,https://data.broadinstitute.org/bbbc/BBBC005/BBBC005_v1_images.zip,BBBC005_v1_images/SIMCEPImages_F10_C40_F17_s19_w2.TIF,170824
bbbc005,https://data.broadinstitute.org/bbbc/BBBC005/BBBC005_v1_images.zip,BBBC005_v1_images/SIMCEPImages_F10_C40_F17_s20_w2.TIF,168868
bbbc005,https://data.broadinstitute.org/bbbc/BBBC005/BBBC005_v1_images.zip,BBBC005_v1_images/SIMCEPImages_F11_C44_F17_s03_w1.TIF,96644
bbbc005,https://data.broadinstitute.org/bbbc/BBBC005/BBBC005_v1_images.zip,BBBC005_v1_images/SIMCEPImages_F11_C44_F17_s17_w1.TIF,94958
bbbc005,https://data.broadinstitute.org/bbbc/BBBC005/BBBC005_v1_images.zip,BBBC005_v1_images/SIMCEPImages_F12_C48_F17_s22_w1.TIF,106612
bbbc005,https://data.broadinstitute.org/bbbc/BBBC005/BBBC005_v1_images.zip,BBBC005_v1_images/SIMCEPImages_F13_C53_F17_s04_w1.TIF,115522
bbbc005,https://data.broadinstitute.org/bbbc/BBBC005/BBBC005_v1_images.zip,BBBC005_v1_images/SIMCEPImages_F13_C53_F17_s05_w1.TIF,116558
bbbc005,https://data.broadinstitute.org/bbbc/BBBC005/BBBC005_v1_images.zip,BBBC005_v1_images/SIMCEPImages_F13_C53_F17_s10_w1.TIF,112490
bbbc005,https://data.broadinstitute.org/bbbc/BBBC005/BBBC005_v1_images.zip,BBBC005_v1_images/SIMCEPImages_F14_C57_F17_s05_w1.TIF,124984
bbbc005,https://data.broadinstitute.org/bbbc/BBBC005/BBBC005_v1_images.zip,BBBC005_v1_images/SIMCEPImages_F14_C57_F17_s08_w2.TIF,207510
bbbc005,https://data.broadinstitute.org/bbbc/BBBC005/BBBC005_v1_images.zip,BBBC005_v1_images/SIMCEPImages_F14_C57_F17_s12_w1.TIF,126086
bbbc005,https://data.broadinstitute.org/bbbc/BBBC005/BBBC005_v1_images.zip,BBBC005_v1_images/SIMCEPImages_F14_C57_F17_s18_w1.TIF,124922
bbbc005,https://data.broadinstitute.org/bbbc/BBBC005/BBBC005_v1_images.zip,BBBC005_v1_images/SIMCEPImages_F14_C57_F17_s22_w2.TIF,207208
bbbc005,https://data.broadinstitute.org/bbbc/BBBC005/BBBC005_v1_images.zip,BBBC005_v1_images/SIMCEPImages_F15_C61_F17_s01_w1.TIF,133932
bbbc005,https://data.broadinstitute.org/bbbc/BBBC005/BBBC005_v1_images.zip,BBBC005_v1_images/SIMCEPImages_F15_C61_F17_s06_w1.TIF,130200
bbbc005,https://data.broadinstitute.org/bbbc/BBBC005/BBBC005_v1_images.zip,BBBC005_v1_images/SIMCEPImages_F15_C61_F17_s21_w2.TIF,214034
bbbc005,https://data.broadinstitute.org/bbbc/BBBC005/BBBC005_v1_images.zip,BBBC005_v1_images/SIMCEPImages_F16_C66_F17_s02_w2.TIF,235034
bbbc005,https://data.broadinstitute.org/bbbc/BBBC005/BBBC005_v1_images.zip,BBBC005_v1_images/SIMCEPImages_F16_C66_F17_s21_w1.TIF,135200
bbbc005,https://data.broadinstitute.org/bbbc/BBBC005/BBBC005_v1_images.zip,BBBC005_v1_images/SIMCEPImages_F17_C70_F17_s06_w1.TIF,148258
bbbc005,https://data.broadinstitute.org/bbbc/BBBC005/BBBC005_v1_images.zip,BBBC005_v1_images/SIMCEPImages_F17_C70_F17_s08_w2.TIF,242020
bbbc005,https://data.broadinstitute.org/bbbc/BBBC005/BBBC005_v1_images.zip,BBBC005_v1_images/SIMCEPImages_F17_C70_F17_s10_w2.TIF,246820
bbbc005,https://data.broadinstitute.org/bbbc/BBBC005/BBBC005_v1_images.zip,BBBC005_v1_images/SIMCEPImages_F17_C70_F17_s23_w1.TIF,147004
bbbc005,https://data.broadinstitute.org/bbbc/BBBC005/BBBC005_v1_images.zip,BBBC005_v1_images/SIMCEPImages_F18_C74_F17_s09_w2.TIF,248662
bbbc005,https://data.broadinstitute.org/bbbc/BBBC005/BBBC005_v1_images.zip,BBBC005_v1_images/SIMCEPImages_F18_C74_F17_s21_w1.TIF,153718
bbbc005,https://data.broadinstitute.org/bbbc/BBBC005/BBBC005_v1_images.zip,BBBC005_v1_images/SIMCEPImages_F19_C78_F17_s01_w1.TIF,155418
bbbc005,https://data.broadinstitute.org/bbbc/BBBC005/BBBC005_v1_images.zip,BBBC005_v1_images/SIMCEPImages_F20_C83_F17_s23_w1.TIF,164030
bbbc005,https://data.broadinstitute.org/bbbc/BBBC005/BBBC005_v1_images.zip,BBBC005_v1_images/SIMCEPImages_F20_C83_F17_s24_w1.TIF,167462
bbbc005,https://data.broadinstitute.org/bbbc/BBBC005/BBBC005_v1_images.zip,BBBC005_v1_images/SIMCEPImages_F22_C91_F17_s01_w2.TIF,276576
bbbc005,https://data.broadinstitute.org/bbbc/BBBC005/BBBC005_v1_images.zip,BBBC005_v1_images/SIMCEPImages_F22_C91_F17_s05_w1.TIF,181962
bbbc005,https://data.broadinstitute.org/bbbc/BBBC005/BBBC005_v1_images.zip,BBBC005_v1_images/SIMCEPImages_F22_C91_F17_s10_w1.TIF,187788
bbbc005,https://data.broadinstitute.org/bbbc/BBBC005/BBBC005_v1_images.zip,BBBC005_v1_images/SIMCEPImages_F22_C91_F17_s13_w1.TIF,175994
bbbc005,https://data.broadinstitute.org/bbbc/BBBC005/BBBC005_v1_images.zip,BBBC005_v1_images/SIMCEPImages_F22_C91_F17_s14_w2.TIF,288190
bbbc005,https://data.broadinstitute.org/bbbc/BBBC005/BBBC005_v1_images.zip,BBBC005_v1_images/SIMCEPImages_F23_C96_F17_s10_w1.TIF,189178
bbbc005,https://data.broadinstitute.org/bbbc/BBBC005/BBBC005_v1_images.zip,BBBC005_v1_images/SIMCEPImages_F23_C96_F17_s22_w2.TIF,297650
bbbc005,https://data.broadinstitute.org/bbbc/BBBC005/BBBC005_v1_images.zip,BBBC005_v1_images/SIMCEPImages_F24_C100_F17_s04_w2.TIF,290922
bbbc005,https://data.broadinstitute.org/bbbc/BBBC005/BBBC005_v1_images.zip,BBBC005_v1_images/SIMCEPImages_F24_C100_F17_s09_w2.TIF,295476
bbbc005,https://data.broadinstitute.org/bbbc/BBBC005/BBBC005_v1_images.zip,BBBC005_v1_images/SIMCEPImages_F24_C100_F17_s10_w1.TIF,192376
bbbc005,https://data.broadinstitute.org/bbbc/BBBC005/BBBC005_v1_images.zip,BBBC005_v1_images/SIMCEPImages_G01_C1_F20_s06_w1.TIF,10618
bbbc005,https://data.broadinstitute.org/bbbc/BBBC005/BBBC005_v1_images.zip,BBBC005_v1_images/SIMCEPImages_G01_C1_F20_s07_w2.TIF,14080
bbbc005,https://data.broadinstitute.org/bbbc/BBBC005/BBBC005_v1_images.zip,BBBC005_v1_images/SIMCEPImages_G01_C1_F20_s08_w1.TIF,10584
bbbc005,https://data.broadinstitute.org/bbbc/BBBC005/BBBC005_v1_images.zip,BBBC005_v1_images/SIMCEPImages_G01_C1_F20_s13_w1.TIF,10568
bbbc005,https://data.broadinstitute.org/bbbc/BBBC005/BBBC005_v1_images.zip,BBBC005_v1_images/SIMCEPImages_G01_C1_F20_s19_w1.TIF,10688
bbbc005,https://data.broadinstitute.org/bbbc/BBBC005/BBBC005_v1_images.zip,BBBC005_v1_images/SIMCEPImages_G01_C1_F20_s21_w1.TIF,10362
bbbc005,https://data.broadinstitute.org/bbbc/BBBC005/BBBC005_v1_images.zip,BBBC005_v1_images/SIMCEPImages_G01_C1_F20_s22_w2.TIF,14466
bbbc005,https://data.broadinstitute.org/bbbc/BBBC005/BBBC005_v1_images.zip,BBBC005_v1_images/SIMCEPImages_G02_C5_F20_s08_w1.TIF,20320
bbbc005,https://data.broadinstitute.org/bbbc/BBBC005/BBBC005_v1_images.zip,BBBC005_v1_images/SIMCEPImages_G02_C5_F20_s15_w2.TIF,36712
bbbc005,https://data.broadinstitute.org/bbbc/BBBC005/BBBC005_v1_images.zip,BBBC005_v1_images/SIMCEPImages_G03_C10_F20_s01_w2.TIF,61460
bbbc005,https://data.broadinstitute.org/bbbc/BBBC005/BBBC005_v1_images.zip,BBBC005_v1_images/SIMCEPImages_G03_C10_F20_s06_w1.TIF,29316
bbbc005,https://data.broadinstitute.org/bbbc/BBBC005/BBBC005_v1_images.zip,BBBC005_v1_images/SIMCEPImages_G04_C14_F20_s13_w2.TIF,81052
bbbc005,https://data.broadinstitute.org/bbbc/BBBC005/BBBC005_v1_images.zip,BBBC005_v1_images/SIMCEPImages_G05_C18_F20_s15_w1.TIF,47878
bbbc005,https://data.broadinstitute.org/bbbc/BBBC005/BBBC005_v1_images.zip,BBBC005_v1_images/SIMCEPImages_G07_C27_F20_s13_w2.TIF,135132
bbbc005,https://data.broadinstitute.org/bbbc/BBBC005/BBBC005_v1_images.zip,BBBC005_v1_images/SIMCEPImages_G08_C31_F20_s02_w1.TIF,75182
bbbc005,https://data.broadinstitute.org/bbbc/BBBC005/BBBC005_v1_images.zip,BBBC005_v1_images/SIMCEPImages_G08_C31_F20_s23_w2.TIF,145450
bbbc005,https://data.broadinstitute.org/bbbc/BBBC005/BBBC005_v1_images.zip,BBBC005_v1_images/SIMCEPImages_G09_C35_F20_s08_w1.TIF,82708
bbbc005,https://data.broadinstitute.org/bbbc/BBBC005/BBBC005_v1_images.zip,BBBC005_v1_images/SIMCEPImages_G09_C35_F20_s16_w1.TIF,87578
bbbc005,https://data.broadinstitute.org/bbbc/BBBC005/BBBC005_v1_images.zip,BBBC005_v1_images/SIMCEPImages_G09_C35_F20_s19_w2.TIF,164378
bbbc005,https://data.broadinstitute.org/bbbc/BBBC005/BBBC005_v1_images.zip,BBBC005_v1_images/SIMCEPImages_G10_C40_F20_s02_w2.TIF,188024
bbbc005,https://data.broadinstitute.org/bbbc/BBBC005/BBBC005_v1_images.zip,BBBC005_v1_images/SIMCEPImages_G10_C40_F20_s10_w1.TIF,94402
bbbc005,https://data.broadinstitute.org/bbbc/BBBC005/BBBC005_v1_images.zip,BBBC005_v1_images/SIMCEPImages_G11_C44_F20_s09_w1.TIF,99392
bbbc005,https://data.broadinstitute.org/bbbc/BBBC005/BBBC005_v1_images.zip,BBBC005_v1_images/SIMCEPImages_G12_C48_F20_s03_w1.TIF,113296
bbbc005,https://data.broadinstitute.org/bbbc/BBBC005/BBBC005_v1_images.zip,BBBC005_v1_images/SIMCEPImages_G13_C53_F20_s10_w1.TIF,118530
bbbc005,https://data.broadinstitute.org/bbbc/BBBC005/BBBC005_v1_images.zip,BBBC005_v1_images/SIMCEPImages_G13_C53_F20_s15_w2.TIF,202256
bbbc005,https://data.broadinstitute.org/bbbc/BBBC005/BBBC005_v1_images.zip,BBBC005_v1_images/SIMCEPImages_G13_C53_F20_s23_w2.TIF,226918
bbbc005,https://data.broadinstitute.org/bbbc/BBBC005/BBBC005_v1_images.zip,BBBC005_v1_images/SIMCEPImages_G14_C57_F20_s03_w1.TIF,124448
bbbc005,https://data.broadinstitute.org/bbbc/BBBC005/BBBC005_v1_images.zip,BBBC005_v1_images/SIMCEPImages_G14_C57_F20_s07_w2.TIF,215234
bbbc005,https://data.broadinstitute.org/bbbc/BBBC005/BBBC005_v1_images.zip,BBBC005_v1_images/SIMCEPImages_G14_C57_F20_s10_w1.TIF,125876
bbbc005,https://data.broadinstitute.org/bbbc/BBBC005/BBBC005_v1_images.zip,BBBC005_v1_images/SIMCEPImages_G15_C61_F20_s01_w2.TIF,250910
bbbc005,https://data.broadinstitute.org/bbbc/BBBC005/BBBC005_v1_images.zip,BBBC005_v1_images/SIMCEPImages_G15_C61_F20_s17_w2.TIF,216002
bbbc005,https://data.broadinstitute.org/bbbc/BBBC005/BBBC005_v1_images.zip,BBBC005_v1_images/SIMCEPImages_G16_C66_F20_s04_w2.TIF,238398
bbbc005,https://data.broadinstitute.org/bbbc/BBBC005/BBBC005_v1_images.zip,BBBC005_v1_images/SIMCEPImages_G16_C66_F20_s07_w2.TIF,244286
bbbc005,https://data.broadinstitute.org/bbbc/BBBC005/BBBC005_v1_images.zip,BBBC005_v1_images/SIMCEPImages_G16_C66_F20_s22_w1.TIF,143162
bbbc005,https://data.broadinstitute.org/bbbc/BBBC005/BBBC005_v1_images.zip,BBBC005_v1_images/SIMCEPImages_G19_C78_F20_s13_w2.TIF,267974
bbbc005,https://data.broadinstitute.org/bbbc/BBBC005/BBBC005_v1_images.zip,BBBC005_v1_images/SIMCEPImages_G19_C78_F20_s15_w1.TIF,159916
bbbc005,https://data.broadinstitute.org/bbbc/BBBC005/BBBC005_v1_images.zip,BBBC005_v1_images/SIMCEPImages_G20_C83_F20_s06_w1.TIF,174106
bbbc005,https://data.broadinstitute.org/bbbc/BBBC005/BBBC005_v1_images.zip,BBBC005_v1_images/SIMCEPImages_G20_C83_F20_s17_w2.TIF,267526
bbbc005,https://data.broadinstitute.org/bbbc/BBBC005/BBBC005_v1_images.zip,BBBC005_v1_images/SIMCEPImages_G21_C87_F20_s05_w1.TIF,181456
bbbc005,https://data.broadinstitute.org/bbbc/BBBC005/BBBC005_v1_images.zip,BBBC005_v1_images/SIMCEPImages_G21_C87_F20_s08_w1.TIF,180696
bbbc005,https://data.broadinstitute.org/bbbc/BBBC005/BBBC005_v1_images.zip,BBBC005_v1_images/SIMCEPImages_G21_C87_F20_s12_w1.TIF,188512
bbbc005,https://data.broadinstitute.org/bbbc/BBBC005/BBBC005_v1_images.zip,BBBC005_v1_images/SIMCEPImages_G21_C87_F20_s17_w2.TIF,266720
bbbc005,https://data.broadinstitute.org/bbbc/BBBC005/BBBC005_v1_images.zip,BBBC005_v1_images/SIMCEPImages_G22_C91_F20_s14_w1.TIF,191124
bbbc005,https://data.broadinstitute.org/bbbc/BBBC005/BBBC005_v1_images.zip,BBBC005_v1_images/SIMCEPImages_G22_C91_F20_s14_w2.TIF,292566
bbbc005,https://data.broadinstitute.org/bbbc/BBBC005/BBBC005_v1_images.zip,BBBC005_v1_images/SIMCEPImages_G23_C96_F20_s20_w1.TIF,183552
bbbc005,https://data.broadinstitute.org/bbbc/BBBC005/BBBC005_v1_images.zip,BBBC005_v1_images/SIMCEPImages_G23_C96_F20_s23_w1.TIF,199632
bbbc005,https://data.broadinstitute.org/bbbc/BBBC005/BBBC005_v1_images.zip,BBBC005_v1_images/SIMCEPImages_G23_C96_F20_s24_w2.TIF,292816
bbbc005,https://data.broadinstitute.org/bbbc/BBBC005/BBBC005_v1_images.zip,BBBC005_v1_images/SIMCEPImages_G24_C100_F20_s10_w1.TIF,202170
bbbc005,https://data.broadinstitute.org/bbbc/BBBC005/BBBC005_v1_images.zip,BBBC005_v1_images/SIMCEPImages_G24_C100_F20_s12_w1.TIF,200706
bbbc005,https://data.broadinstitute.org/bbbc/BBBC005/BBBC005_v1_images.zip,BBBC005_v1_images/SIMCEPImages_H01_C1_F23_s03_w1.TIF,10354
bbbc005,https://data.broadinstitute.org/bbbc/BBBC005/BBBC005_v1_images.zip,BBBC005_v1_images/SIMCEPImages_H01_C1_F23_s04_w2.TIF,14100
bbbc005,https://data.broadinstitute.org/bbbc/BBBC005/BBBC005_v1_images.zip,BBBC005_v1_images/SIMCEPImages_H01_C1_F23_s09_w2.TIF,16132
bbbc005,https://data.broadinstitute.org/bbbc/BBBC005/BBBC005_v1_images.zip,BBBC005_v1_images/SIMCEPImages_H02_C5_F23_s06_w2.TIF,38964
bbbc005,https://data.broadinstitute.org/bbbc/BBBC005/BBBC005_v1_images.zip,BBBC005_v1_images/SIMCEPImages_H02_C5_F23_s18_w1.TIF,20222
bbbc005,https://data.broadinstitute.org/bbbc/BBBC005/BBBC005_v1_images.zip,BBBC005_v1_images/SIMCEPImages_H02_C5_F23_s23_w1.TIF,18480
bbbc005,https://data.broadinstitute.org/bbbc/BBBC005/BBBC005_v1_images.zip,BBBC005_v1_images/SIMCEPImages_H03_C10_F23_s05_w1.TIF,33606
bbbc005,https://data.broadinstitute.org/bbbc/BBBC005/BBBC005_v1_images.zip,BBBC005_v1_images/SIMCEPImages_H03_C10_F23_s09_w2.TIF,64940
bbbc005,https://data.broadinstitute.org/bbbc/BBBC005/BBBC005_v1_images.zip,BBBC005_v1_images/SIMCEPImages_H03_C10_F23_s11_w2.TIF,63302
bbbc005,https://data.broadinstitute.org/bbbc/BBBC005/BBBC005_v1_images.zip,BBBC005_v1_images/SIMCEPImages_H03_C10_F23_s13_w1.TIF,31996
bbbc005,https://data.broadinstitute.org/bbbc/BBBC005/BBBC005_v1_images.zip,BBBC005_v1_images/SIMCEPImages_H03_C10_F23_s18_w2.TIF,54066
bbbc005,https://data.broadinstitute.org/bbbc/BBBC005/BBBC005_v1_images.zip,BBBC005_v1_images/SIMCEPImages_H03_C10_F23_s25_w2.TIF,55742
bbbc005,https://data.broadinstitute.org/bbbc/BBBC005/BBBC005_v1_images.zip,BBBC005_v1_images/SIMCEPImages_H04_C14_F23_s02_w1.TIF,43868
bbbc005,https://data.broadinstitute.org/bbbc/BBBC005/BBBC005_v1_images.zip,BBBC005_v1_images/SIMCEPImages_H04_C14_F23_s18_w2.TIF,84040
bbbc005,https://data.broadinstitute.org/bbbc/BBBC005/BBBC005_v1_images.zip,BBBC005_v1_images/SIMCEPImages_H05_C18_F23_s01_w2.TIF,103684
bbbc005,https://data.broadinstitute.org/bbbc/BBBC005/BBBC005_v1_images.zip,BBBC005_v1_images/SIMCEPImages_H07_C27_F23_s07_w1.TIF,72992
bbbc005,https://data.broadinstitute.org/bbbc/BBBC005/BBBC005_v1_images.zip,BBBC005_v1_images/SIMCEPImages_H09_C35_F23_s18_w1.TIF,90292
bbbc005,https://data.broadinstitute.org/bbbc/BBBC005/BBBC005_v1_images.zip,BBBC005_v1_images/SIMCEPImages_H09_C35_F23_s25_w2.TIF,182688
bbbc005,https://data.broadinstitute.org/bbbc/BBBC005/BBBC005_v1_images.zip,BBBC005_v1_images/SIMCEPImages_H10_C40_F23_s05_w1.TIF,100580
bbbc005,https://data.broadinstitute.org/bbbc/BBBC005/BBBC005_v1_images.zip,BBBC005_v1_images/SIMCEPImages_H10_C40_F23_s16_w2.TIF,179636
bbbc005,https://data.broadinstitute.org/bbbc/BBBC005/BBBC005_v1_images.zip,BBBC005_v1_images/SIMCEPImages_H10_C40_F23_s22_w1.TIF,100864
bbbc005,https://data.broadinstitute.org/bbbc/BBBC005/BBBC005_v1_images.zip,BBBC005_v1_images/SIMCEPImages_H11_C44_F23_s16_w1.TIF,110484
bbbc005,https://data.broadinstitute.org/bbbc/BBBC005/BBBC005_v1_images.zip,BBBC005_v1_images/SIMCEPImages_H13_C53_F23_s01_w2.TIF,222732
bbbc005,https://data.broadinstitute.org/bbbc/BBBC005/BBBC005_v1_images.zip,BBBC005_v1_images/SIMCEPImages_H13_C53_F23_s10_w1.TIF,125544
bbbc005,https://data.broadinstitute.org/bbbc/BBBC005/BBBC005_v1_images.zip,BBBC005_v1_images/SIMCEPImages_H13_C53_F23_s16_w2.TIF,217028
bbbc005,https://data.broadinstitute.org/bbbc/BBBC005/BBBC005_v1_images.zip,BBBC005_v1_images/SIMCEPImages_H14_C57_F23_s13_w2.TIF,225100
bbbc005,https://data.broadinstitute.org/bbbc/BBBC005/BBBC005_v1_images.zip,BBBC005_v1_images/SIMCEPImages_H15_C61_F23_s12_w1.TIF,144974
bbbc005,https://data.broadinstitute.org/bbbc/BBBC005/BBBC005_v1_images.zip,BBBC005_v1_images/SIMCEPImages_H15_C61_F23_s15_w2.TIF,233210
bbbc005,https://data.broadinstitute.org/bbbc/BBBC005/BBBC005_v1_images.zip,BBBC005_v1_images/SIMCEPImages_H15_C61_F23_s22_w1.TIF,145462
bbbc005,https://data.broadinstitute.org/bbbc/BBBC005/BBBC005_v1_images.zip,BBBC005_v1_images/SIMCEPImages_H16_C66_F23_s13_w1.TIF,153516
bbbc005,https://data.broadinstitute.org/bbbc/BBBC005/BBBC005_v1_images.zip,BBBC005_v1_images/SIMCEPImages_H16_C66_F23_s14_w2.TIF,239982
bbbc005,https://data.broadinstitute.org/bbbc/BBBC005/BBBC005_v1_images.zip,BBBC005_v1_images/SIMCEPImages_H17_C70_F23_s02_w2.TIF,249986
bbbc005,https://data.broadinstitute.org/bbbc/BBBC005/BBBC005_v1_images.zip,BBBC005_v1_images/SIMCEPImages_H17_C70_F23_s18_w2.TIF,249810
bbbc005,https://data.broadinstitute.org/bbbc/BBBC005/BBBC005_v1_images.zip,BBBC005_v1_images/SIMCEPImages_H18_C74_F23_s08_w2.TIF,263400
bbbc005,https://data.broadinstitute.org/bbbc/BBBC005/BBBC005_v1_images.zip,BBBC005_v1_images/SIMCEPImages_H18_C74_F23_s19_w1.TIF,173182
bbbc005,https://data.broadinstitute.org/bbbc/BBBC005/BBBC005_v1_images.zip,BBBC005_v1_images/SIMCEPImages_H19_C78_F23_s11_w1.TIF,166628
bbbc005,https://data.broadinstitute.org/bbbc/BBBC005/BBBC005_v1_images.zip,BBBC005_v1_images/SIMCEPImages_H20_C83_F23_s03_w2.TIF,270764
bbbc005,https://data.broadinstitute.org/bbbc/BBBC005/BBBC005_v1_images.zip,BBBC005_v1_images/SIMCEPImages_H21_C87_F23_s04_w2.TIF,286170
bbbc005,https://data.broadinstitute.org/bbbc/BBBC005/BBBC005_v1_images.zip,BBBC005_v1_images/SIMCEPImages_H21_C87_F23_s13_w2.TIF,282238
bbbc005,https://data.broadinstitute.org/bbbc/BBBC005/BBBC005_v1_images.zip,BBBC005_v1_images/SIMCEPImages_H21_C87_F23_s17_w2.TIF,271046
bbbc005,https://data.broadinstitute.org/bbbc/BBBC005/BBBC005_v1_images.zip,BBBC005_v1_images/SIMCEPImages_H21_C87_F23_s18_w1.TIF,192180
bbbc005,https://data.broadinstitute.org/bbbc/BBBC005/BBBC005_v1_images.zip,BBBC005_v1_images/SIMCEPImages_H22_C91_F23_s19_w2.TIF,290786
bbbc005,https://data.broadinstitute.org/bbbc/BBBC005/BBBC005_v1_images.zip,BBBC005_v1_images/SIMCEPImages_H22_C91_F23_s21_w2.TIF,291910
bbbc005,https://data.broadinstitute.org/bbbc/BBBC005/BBBC005_v1_images.zip,BBBC005_v1_images/SIMCEPImages_H22_C91_F23_s22_w1.TIF,194730
bbbc005,https://data.broadinstitute.org/bbbc/BBBC005/BBBC005_v1_images.zip,BBBC005_v1_images/SIMCEPImages_H22_C91_F23_s24_w1.TIF,196788
bbbc005,https://data.broadinstitute.org/bbbc/BBBC005/BBBC005_v1_images.zip,BBBC005_v1_images/SIMCEPImages_H23_C96_F23_s07_w2.TIF,294668
bbbc005,https://data.broadinstitute.org/bbbc/BBBC005/BBBC005_v1_images.zip,BBBC005_v1_images/SIMCEPImages_H23_C96_F23_s19_w1.TIF,201444
bbbc005,https://data.broadinstitute.org/bbbc/BBBC005/BBBC005_v1_images.zip,BBBC005_v1_images/SIMCEPImages_H23_C96_F23_s19_w2.TIF,288784
bbbc005,https://data.broadinstitute.org/bbbc/BBBC005/BBBC005_v1_images.zip,BBBC005_v1_images/SIMCEPImages_H23_C96_F23_s20_w1.TIF,192850
bbbc005,https://data.broadinstitute.org/bbbc/BBBC005/BBBC005_v1_images.zip,BBBC005_v1_images/SIMCEPImages_H24_C100_F23_s14_w1.TIF,209318
bbbc005,https://data.broadinstitute.org/bbbc/BBBC005/BBBC005_v1_images.zip,BBBC005_v1_images/SIMCEPImages_H24_C100_F23_s18_w2.TIF,298940
bbbc005,https://data.broadinstitute.org/bbbc/BBBC005/BBBC005_v1_images.zip,BBBC005_v1_images/SIMCEPImages_H24_C100_F23_s20_w1.TIF,205718
bbbc005,https://data.broadinstitute.org/bbbc/BBBC005/BBBC005_v1_images.zip,BBBC005_v1_images/SIMCEPImages_I01_C1_F26_s05_w2.TIF,15274
bbbc005,https://data.broadinstitute.org/bbbc/BBBC005/BBBC005_v1_images.zip,BBBC005_v1_images/SIMCEPImages_I01_C1_F26_s06_w2.TIF,15624
bbbc005,https://data.broadinstitute.org/bbbc/BBBC005/BBBC005_v1_images.zip,BBBC005_v1_images/SIMCEPImages_I01_C1_F26_s08_w1.TIF,11114
bbbc005,https://data.broadinstitute.org/bbbc/BBBC005/BBBC005_v1_images.zip,BBBC005_v1_images/SIMCEPImages_I01_C1_F26_s14_w2.TIF,15682
bbbc005,https://data.broadinstitute.org/bbbc/BBBC005/BBBC005_v1_images.zip,BBBC005_v1_images/SIMCEPImages_I01_C1_F26_s24_w1.TIF,11154
bbbc005,https://data.broadinstitute.org/bbbc/BBBC005/BBBC005_v1_images.zip,BBBC005_v1_images/SIMCEPImages_I02_C5_F26_s04_w2.TIF,41562
bbbc005,https://data.broadinstitute.org/bbbc/BBBC005/BBBC005_v1_images.zip,BBBC005_v1_images/SIMCEPImages_I03_C10_F26_s06_w1.TIF,32296
bbbc005,https://data.broadinstitute.org/bbbc/BBBC005/BBBC005_v1_images.zip,BBBC005_v1_images/SIMCEPImages_I03_C10_F26_s06_w2.TIF,56340
bbbc005,https://data.broadinstitute.org/bbbc/BBBC005/BBBC005_v1_images.zip,BBBC005_v1_images/SIMCEPImages_I03_C10_F26_s11_w1.TIF,35202
bbbc005,https://data.broadinstitute.org/bbbc/BBBC005/BBBC005_v1_images.zip,BBBC005_v1_images/SIMCEPImages_I03_C10_F26_s25_w2.TIF,58424
bbbc005,https://data.broadinstitute.org/bbbc/BBBC005/BBBC005_v1_images.zip,BBBC005_v1_images/SIMCEPImages_I04_C14_F26_s08_w2.TIF,88986
bbbc005,https://data.broadinstitute.org/bbbc/BBBC005/BBBC005_v1_images.zip,BBBC005_v1_images/SIMCEPImages_I04_C14_F26_s17_w2.TIF,84568
bbbc005,https://data.broadinstitute.org/bbbc/BBBC005/BBBC005_v1_images.zip,BBBC005_v1_images/SIMCEPImages_I04_C14_F26_s24_w1.TIF,43740
bbbc005,https://data.broadinstitute.org/bbbc/BBBC005/BBBC005_v1_images.zip,BBBC005_v1_images/SIMCEPImages_I05_C18_F26_s03_w2.TIF,121072
bbbc005,https://data.broadinstitute.org/bbbc/BBBC005/BBBC005_v1_images.zip,BBBC005_v1_images/SIMCEPImages_I05_C18_F26_s06_w1.TIF,56112
bbbc005,https://data.broadinstitute.org/bbbc/BBBC005/BBBC005_v1_images.zip,BBBC005_v1_images/SIMCEPImages_I05_C18_F26_s19_w1.TIF,53132
bbbc005,https://data.broadinstitute.org/bbbc/BBBC005/BBBC005_v1_images.zip,BBBC005_v1_images/SIMCEPImages_I05_C18_F26_s23_w2.TIF,106146
bbbc005,https://data.broadinstitute.org/bbbc/BBBC005/BBBC005_v1_images.zip,BBBC005_v1_images/SIMCEPImages_I06_C23_F26_s08_w2.TIF,132118
bbbc005,https://data.broadinstitute.org/bbbc/BBBC005/BBBC005_v1_images.zip,BBBC005_v1_images/SIMCEPImages_I06_C23_F26_s10_w1.TIF,63920
bbbc005,https://data.broadinstitute.org/bbbc/BBBC005/BBBC005_v1_images.zip,BBBC005_v1_images/SIMCEPImages_I06_C23_F26_s12_w2.TIF,125234
bbbc005,https://data.broadinstitute.org/bbbc/BBBC005/BBBC005_v1_images.zip,BBBC005_v1_images/SIMCEPImages_I06_C23_F26_s14_w2.TIF,122468
bbbc005,https://data.broadinstitute.org/bbbc/BBBC005/BBBC005_v1_images.zip,BBBC005_v1_images/SIMCEPImages_I06_C23_F26_s22_w1.TIF,67682
bbbc005,https://data.broadinstitute.org/bbbc/BBBC005/BBBC005_v1_images.zip,BBBC005_v1_images/SIMCEPImages_I07_C27_F26_s05_w2.TIF,144558
bbbc005,https://data.broadinstitute.org/bbbc/BBBC005/BBBC005_v1_images.zip,BBBC005_v1_images/SIMCEPImages_I07_C27_F26_s06_w1.TIF,78598
bbbc005,https://data.broadinstitute.org/bbbc/BBBC005/BBBC005_v1_images.zip,BBBC005_v1_images/SIMCEPImages_I07_C27_F26_s09_w2.TIF,127962
bbbc005,https://data.broadinstitute.org/bbbc/BBBC005/BBBC005_v1_images.zip,BBBC005_v1_images/SIMCEPImages_I07_C27_F26_s12_w1.TIF,77400
bbbc005,https://data.broadinstitute.org/bbbc/BBBC005/BBBC005_v1_images.zip,BBBC005_v1_images/SIMCEPImages_I07_C27_F26_s20_w1.TIF,78960
bbbc005,https://data.broadinstitute.org/bbbc/BBBC005/BBBC005_v1_images.zip,BBBC005_v1_images/SIMCEPImages_I09_C35_F26_s03_w1.TIF,94380
bbbc005,https://data.broadinstitute.org/bbbc/BBBC005/BBBC005_v1_images.zip,BBBC005_v1_images/SIMCEPImages_I09_C35_F26_s08_w1.TIF,93650
bbbc005,https://data.broadinstitute.org/bbbc/BBBC005/BBBC005_v1_images.zip,BBBC005_v1_images/SIMCEPImages_I09_C35_F26_s11_w1.TIF,93560
bbbc005,https://data.broadinstitute.org/bbbc/BBBC005/BBBC005_v1_images.zip,BBBC005_v1_images/SIMCEPImages_I10_C40_F26_s18_w1.TIF,108318
bbbc005,https://data.broadinstitute.org/bbbc/BBBC005/BBBC005_v1_images.zip,BBBC005_v1_images/SIMCEPImages_I10_C40_F26_s20_w1.TIF,105162
bbbc005,https://data.broadinstitute.org/bbbc/BBBC005/BBBC005_v1_images.zip,BBBC005_v1_images/SIMCEPImages_I12_C48_F26_s07_w1.TIF,126608
bbbc005,https://data.broadinstitute.org/bbbc/BBBC005/BBBC005_v1_images.zip,BBBC005_v1_images/SIMCEPImages_I12_C48_F26_s09_w2.TIF,208920
bbbc005,https://data.broadinstitute.org/bbbc/BBBC005/BBBC005_v1_images.zip,BBBC005_v1_images/SIMCEPImages_I13_C53_F26_s03_w2.TIF,219218
bbbc005,https://data.broadinstitute.org/bbbc/BBBC005/BBBC005_v1_images.zip,BBBC005_v1_images/SIMCEPImages_I13_C53_F26_s13_w2.TIF,224904
bbbc005,https://data.broadinstitute.org/bbbc/BBBC005/BBBC005_v1_images.zip,BBBC005_v1_images/SIMCEPImages_I13_C53_F26_s16_w2.TIF,222760
bbbc005,https://data.broadinstitute.org/bbbc/BBBC005/BBBC005_v1_images.zip,BBBC005_v1_images/SIMCEPImages_I15_C61_F26_s07_w1.TIF,154586
bbbc005,https://data.broadinstitute.org/bbbc/BBBC005/BBBC005_v1_images.zip,BBBC005_v1_images/SIMCEPImages_I16_C66_F26_s01_w2.TIF,246690
bbbc005,https://data.broadinstitute.org/bbbc/BBBC005/BBBC005_v1_images.zip,BBBC005_v1_images/SIMCEPImages_I16_C66_F26_s04_w2.TIF,249304
bbbc005,https://data.broadinstitute.org/bbbc/BBBC005/BBBC005_v1_images.zip,BBBC005_v1_images/SIMCEPImages_I16_C66_F26_s06_w1.TIF,157982
bbbc005,https://data.broadinstitute.org/bbbc/BBBC005/BBBC005_v1_images.zip,BBBC005_v1_images/SIMCEPImages_I16_C66_F26_s06_w2.TIF,246570
bbbc005,https://data.broadinstitute.org/bbbc/BBBC005/BBBC005_v1_images.zip,BBBC005_v1_images/SIMCEPImages_I16_C66_F26_s20_w1.TIF,166730
bbbc005,https://data.broadinstitute.org/bbbc/BBBC005/BBBC005_v1_images.zip,BBBC005_v1_images/SIMCEPImages_I17_C70_F26_s15_w1.TIF,173252
bbbc005,https://data.broadinstitute.org/bbbc/BBBC005/BBBC005_v1_images.zip,BBBC005_v1_images/SIMCEPImages_I18_C74_F26_s02_w2.TIF,269770
bbbc005,https://data.broadinstitute.org/bbbc/BBBC005/BBBC005_v1_images.zip,BBBC005_v1_images/SIMCEPImages_I18_C74_F26_s12_w1.TIF,177686
bbbc005,https://data.broadinstitute.org/bbbc/BBBC005/BBBC005_v1_images.zip,BBBC005_v1_images/SIMCEPImages_I18_C74_F26_s19_w2.TIF,277936
bbbc005,https://data.broadinstitute.org/bbbc/BBBC005/BBBC005_v1_images.zip,BBBC005_v1_images/SIMCEPImages_I19_C78_F26_s04_w2.TIF,280522
bbbc005,https://data.broadinstitute.org/bbbc/BBBC005/BBBC005_v1_images.zip,BBBC005_v1_images/SIMCEPImages_I19_C78_F26_s23_w2.TIF,270832
bbbc005,https://data.broadinstitute.org/bbbc/BBBC005/BBBC005_v1_images.zip,BBBC005_v1_images/SIMCEPImages_I20_C83_F26_s09_w1.TIF,185742
bbbc005,https://data.broadinstitute.org/bbbc/BBBC005/BBBC005_v1_images.zip,BBBC005_v1_images/SIMCEPImages_I20_C83_F26_s16_w2.TIF,280292
bbbc005,https://data.broadinstitute.org/bbbc/BBBC005/BBBC005_v1_images.zip,BBBC005_v1_images/SIMCEPImages_I21_C87_F26_s07_w2.TIF,287058
bbbc005,https://data.broadinstitute.org/bbbc/BBBC005/BBBC005_v1_images.zip,BBBC005_v1_images/SIMCEPImages_I21_C87_F26_s14_w2.TIF,282228
bbbc005,https://data.broadinstitute.org/bbbc/BBBC005/BBBC005_v1_images.zip,BBBC005_v1_images/SIMCEPImages_I21_C87_F26_s17_w2.TIF,275896
bbbc005,https://data.broadinstitute.org/bbbc/BBBC005/BBBC005_v1_images.zip,BBBC005_v1_images/SIMCEPImages_I22_C91_F26_s03_w1.TIF,199846
bbbc005,https://data.broadinstitute.org/bbbc/BBBC005/BBBC005_v1_images.zip,BBBC005_v1_images/SIMCEPImages_I22_C91_F26_s04_w1.TIF,200390
bbbc005,https://data.broadinstitute.org/bbbc/BBBC005/BBBC005_v1_images.zip,BBBC005_v1_images/SIMCEPImages_I22_C91_F26_s16_w1.TIF,205020
bbbc005,https://data.broadinstitute.org/bbbc/BBBC005/BBBC005_v1_images.zip,BBBC005_v1_images/SIMCEPImages_I23_C96_F26_s08_w1.TIF,220308
bbbc005,https://data.broadinstitute.org/bbbc/BBBC005/BBBC005_v1_images.zip,BBBC005_v1_images/SIMCEPImages_I24_C100_F26_s08_w1.TIF,212592
bbbc005,https://data.broadinstitute.org/bbbc/BBBC005/BBBC005_v1_images.zip,BBBC005_v1_images/SIMCEPImages_J01_C1_F29_s10_w2.TIF,15958
bbbc005,https://data.broadinstitute.org/bbbc/BBBC005/BBBC005_v1_images.zip,BBBC005_v1_images/SIMCEPImages_J01_C1_F29_s17_w1.TIF,11188
bbbc005,https://data.broadinstitute.org/bbbc/BBBC005/BBBC005_v1_images.zip,BBBC005_v1_images/SIMCEPImages_J01_C1_F29_s19_w1.TIF,11214
bbbc005,https://data.broadinstitute.org/bbbc/BBBC005/BBBC005_v1_images.zip,BBBC005_v1_images/SIMCEPImages_J02_C5_F29_s24_w1.TIF,19818
bbbc005,https://data.broadinstitute.org/bbbc/BBBC005/BBBC005_v1_images.zip,BBBC005_v1_images/SIMCEPImages_J03_C10_F29_s01_w2.TIF,68698
bbbc005,https://data.broadinstitute.org/bbbc/BBBC005/BBBC005_v1_images.zip,BBBC005_v1_images/SIMCEPImages_J03_C10_F29_s02_w2.TIF,74562
bbbc005,https://data.broadinstitute.org/bbbc/BBBC005/BBBC005_v1_images.zip,BBBC005_v1_images/SIMCEPImages_J03_C10_F29_s09_w1.TIF,36672
bbbc005,https://data.broadinstitute.org/bbbc/BBBC005/BBBC005_v1_images.zip,BBBC005_v1_images/SIMCEPImages_J03_C10_F29_s13_w2.TIF,64322
bbbc005,https://data.broadinstitute.org/bbbc/BBBC005/BBBC005_v1_images.zip,BBBC005_v1_images/SIMCEPImages_J03_C10_F29_s23_w2.TIF,63732
bbbc005,https://data.broadinstitute.org/bbbc/BBBC005/BBBC005_v1_images.zip,BBBC005_v1_images/SIMCEPImages_J04_C14_F29_s04_w2.TIF,81944
bbbc005,https://data.broadinstitute.org/bbbc/BBBC005/BBBC005_v1_images.zip,BBBC005_v1_images/SIMCEPImages_J04_C14_F29_s14_w2.TIF,82430
bbbc005,https://data.broadinstitute.org/bbbc/BBBC005/BBBC005_v1_images.zip,BBBC005_v1_images/SIMCEPImages_J04_C14_F29_s15_w2.TIF,94248
bbbc005,https://data.broadinstitute.org/bbbc/BBBC005/BBBC005_v1_images.zip,BBBC005_v1_images/SIMCEPImages_J04_C14_F29_s19_w1.TIF,48060
bbbc005,https://data.broadinstitute.org/bbbc/BBBC005/BBBC005_v1_images.zip,BBBC005_v1_images/SIMCEPImages_J05_C18_F29_s04_w2.TIF,100882
bbbc005,https://data.broadinstitute.org/bbbc/BBBC005/BBBC005_v1_images.zip,BBBC005_v1_images/SIMCEPImages_J05_C18_F29_s23_w2.TIF,109092
bbbc005,https://data.broadinstitute.org/bbbc/BBBC005/BBBC005_v1_images.zip,BBBC005_v1_images/SIMCEPImages_J05_C18_F29_s25_w2.TIF,105186
bbbc005,https://data.broadinstitute.org/bbbc/BBBC005/BBBC005_v1_images.zip,BBBC005_v1_images/SIMCEPImages_J06_C23_F29_s05_w2.TIF,126720
bbbc005,https://data.broadinstitute.org/bbbc/BBBC005/BBBC005_v1_images.zip,BBBC005_v1_images/SIMCEPImages_J06_C23_F29_s11_w2.TIF,124136
bbbc005,https://data.broadinstitute.org/bbbc/BBBC005/BBBC005_v1_images.zip,BBBC005_v1_images/SIMCEPImages_J06_C23_F29_s17_w2.TIF,128276
bbbc005,https://data.broadinstitute.org/bbbc/BBBC005/BBBC005_v1_images.zip,BBBC005_v1_images/SIMCEPImages_J07_C27_F29_s13_w1.TIF,79732
bbbc005,https://data.broadinstitute.org/bbbc/BBBC005/BBBC005_v1_images.zip,BBBC005_v1_images/SIMCEPImages_J07_C27_F29_s19_w2.TIF,159986
bbbc005,https://data.broadinstitute.org/bbbc/BBBC005/BBBC005_v1_images.zip,BBBC005_v1_images/SIMCEPImages_J07_C27_F29_s25_w1.TIF,80888
bbbc005,https://data.broadinstitute.org/bbbc/BBBC005/BBBC005_v1_images.zip,BBBC005_v1_images/SIMCEPImages_J08_C31_F29_s02_w2.TIF,157186
bbbc005,https://data.broadinstitute.org/bbbc/BBBC005/BBBC005_v1_images.zip,BBBC005_v1_images/SIMCEPImages_J09_C35_F29_s09_w1.TIF,94582
bbbc005,https://data.broadinstitute.org/bbbc/BBBC005/BBBC005_v1_images.zip,BBBC005_v1_images/SIMCEPImages_J10_C40_F29_s06_w1.TIF,107024
bbbc005,https://data.broadinstitute.org/bbbc/BBBC005/BBBC005_v1_images.zip,BBBC005_v1_images/SIMCEPImages_J10_C40_F29_s11_w1.TIF,115132
bbbc005,https://data.broadinstitute.org/bbbc/BBBC005/BBBC005_v1_images.zip,BBBC005_v1_images/SIMCEPImages_J10_C40_F29_s19_w1.TIF,111940
bbbc005,https://data.broadinstitute.org/bbbc/BBBC005/BBBC005_v1_images.zip,BBBC005_v1_images/SIMCEPImages_J11_C44_F29_s10_w2.TIF,201220
bbbc005,https://data.broadinstitute.org/bbbc/BBBC005/BBBC005_v1_images.zip,BBBC005_v1_images/SIMCEPImages_J11_C44_F29_s15_w2.TIF,205746
bbbc005,https://data.broadinstitute.org/bbbc/BBBC005/BBBC005_v1_images.zip,BBBC005_v1_images/SIMCEPImages_J12_C48_F29_s05_w2.TIF,222280
bbbc005,https://data.broadinstitute.org/bbbc/BBBC005/BBBC005_v1_images.zip,BBBC005_v1_images/SIMCEPImages_J12_C48_F29_s12_w1.TIF,127672
bbbc005,https://data.broadinstitute.org/bbbc/BBBC005/BBBC005_v1_images.zip,BBBC005_v1_images/SIMCEPImages_J12_C48_F29_s25_w2.TIF,206632
bbbc005,https://data.broadinstitute.org/bbbc/BBBC005/BBBC005_v1_images.zip,BBBC005_v1_images/SIMCEPImages_J13_C53_F29_s21_w2.TIF,213866
bbbc005,https://data.broadinstitute.org/bbbc/BBBC005/BBBC005_v1_images.zip,BBBC005_v1_images/SIMCEPImages_J14_C57_F29_s07_w1.TIF,143786
bbbc005,https://data.broadinstitute.org/bbbc/BBBC005/BBBC005_v1_images.zip,BBBC005_v1_images/SIMCEPImages_J14_C57_F29_s15_w1.TIF,141904
bbbc005,https://data.broadinstitute.org/bbbc/BBBC005/BBBC005_v1_images.zip,BBBC005_v1_images/SIMCEPImages_J15_C61_F29_s19_w2.TIF,234468
bbbc005,https://data.broadinstitute.org/bbbc/BBBC005/BBBC005_v1_images.zip,BBBC005_v1_images/SIMCEPImages_J15_C61_F29_s21_w2.TIF,235024
bbbc005,https://data.broadinstitute.org/bbbc/BBBC005/BBBC005_v1_images.zip,BBBC005_v1_images/SIMCEPImages_J16_C66_F29_s01_w1.TIF,165200
bbbc005,https://data.broadinstitute.org/bbbc/BBBC005/BBBC005_v1_images.zip,BBBC005_v1_images/SIMCEPImages_J16_C66_F29_s05_w2.TIF,253742
bbbc005,https://data.broadinstitute.org/bbbc/BBBC005/BBBC005_v1_images.zip,BBBC005_v1_images/SIMCEPImages_J16_C66_F29_s10_w2.TIF,252044
bbbc005,https://data.broadinstitute.org/bbbc/BBBC005/BBBC005_v1_images.zip,BBBC005_v1_images/SIMCEPImages_J16_C66_F29_s22_w2.TIF,247568
bbbc005,https://data.broadinstitute.org/bbbc/BBBC005/BBBC005_v1_images.zip,BBBC005_v1_images/SIMCEPImages_J16_C66_F29_s23_w1.TIF,172386
bbbc005,https://data.broadinstitute.org/bbbc/BBBC005/BBBC005_v1_images.zip,BBBC005_v1_images/SIMCEPImages_J17_C70_F29_s01_w2.TIF,246810
bbbc005,https://data.broadinstitute.org/bbbc/BBBC005/BBBC005_v1_images.zip,BBBC005_v1_images/SIMCEPImages_J17_C70_F29_s10_w1.TIF,176586
bbbc005,https://data.broadinstitute.org/bbbc/BBBC005/BBBC005_v1_images.zip,BBBC005_v1_images/SIMCEPImages_J17_C70_F29_s23_w1.TIF,180698
bbbc005,https://data.broadinstitute.org/bbbc/BBBC005/BBBC005_v1_images.zip,BBBC005_v1_images/SIMCEPImages_J17_C70_F29_s23_w2.TIF,270760
bbbc005,https://data.broadinstitute.org/bbbc/BBBC005/BBBC005_v1_images.zip,BBBC005_v1_images/SIMCEPImages_J18_C74_F29_s17_w2.TIF,266804
bbbc005,https://data.broadinstitute.org/bbbc/BBBC005/BBBC005_v1_images.zip,BBBC005_v1_images/SIMCEPImages_J19_C78_F29_s02_w2.TIF,282938
bbbc005,https://data.broadinstitute.org/bbbc/BBBC005/BBBC005_v1_images.zip,BBBC005_v1_images/SIMCEPImages_J19_C78_F29_s06_w1.TIF,182646
bbbc005,https://data.broadinstitute.org/bbbc/BBBC005/BBBC005_v1_images.zip,BBBC005_v1_images/SIMCEPImages_J19_C78_F29_s17_w1.TIF,189652
bbbc005,https://data.broadinstitute.org/bbbc/BBBC005/BBBC005_v1_images.zip,BBBC005_v1_images/SIMCEPImages_J19_C78_F29_s24_w2.TIF,255208
bbbc005,https://data.broadinstitute.org/bbbc/BBBC005/BBBC005_v1_images.zip,BBBC005_v1_images/SIMCEPImages_J19_C78_F29_s25_w2.TIF,272098
bbbc005,https://data.broadinstitute.org/bbbc/BBBC005/BBBC005_v1_images.zip,BBBC005_v1_images/SIMCEPImages_J20_C83_F29_s11_w1.TIF,195772
bbbc005,https://data.broadinstitute.org/bbbc/BBBC005/BBBC005_v1_images.zip,BBBC005_v1_images/SIMCEPImages_J20_C83_F29_s12_w1.TIF,205474
bbbc005,https://data.broadinstitute.org/bbbc/BBBC005/BBBC005_v1_images.zip,BBBC005_v1_images/SIMCEPImages_J21_C87_F29_s14_w1.TIF,205424
bbbc005,https://data.broadinstitute.org/bbbc/BBBC005/BBBC005_v1_images.zip,BBBC005_v1_images/SIMCEPImages_J21_C87_F29_s20_w1.TIF,215072
bbbc005,https://data.broadinstitute.org/bbbc/BBBC005/BBBC005_v1_images.zip,BBBC005_v1_images/SIMCEPImages_J22_C91_F29_s01_w1.TIF,210754
bbbc005,https://data.broadinstitute.org/bbbc/BBBC005/BBBC005_v1_images.zip,BBBC005_v1_images/SIMCEPImages_J22_C91_F29_s10_w2.TIF,299550
bbbc005,https://data.broadinstitute.org/bbbc/BBBC005/BBBC005_v1_images.zip,BBBC005_v1_images/SIMCEPImages_J23_C96_F29_s08_w1.TIF,226156
bbbc005,https://data.broadinstitute.org/bbbc/BBBC005/BBBC005_v1_images.zip,BBBC005_v1_images/SIMCEPImages_J24_C100_F29_s19_w1.TIF,227428
bbbc005,https://data.broadinstitute.org/bbbc/BBBC005/BBBC005_v1_images.zip,BBBC005_v1_images/SIMCEPImages_K01_C1_F32_s12_w1.TIF,9768
bbbc005,https://data.broadinstitute.org/bbbc/BBBC005/BBBC005_v1_images.zip,BBBC005_v1_images/SIMCEPImages_K01_C1_F32_s17_w1.TIF,11412
bbbc005,https://data.broadinstitute.org/bbbc/BBBC005/BBBC005_v1_images.zip,BBBC005_v1_images/SIMCEPImages_K02_C5_F32_s10_w2.TIF,39470
bbbc005,https://data.broadinstitute.org/bbbc/BBBC005/BBBC005_v1_images.zip,BBBC005_v1_images/SIMCEPImages_K02_C5_F32_s16_w2.TIF,41444
bbbc005,https://data.broadinstitute.org/bbbc/BBBC005/BBBC005_v1_images.zip,BBBC005_v1_images/SIMCEPImages_K02_C5_F32_s23_w2.TIF,35512
bbbc005,https://data.broadinstitute.org/bbbc/BBBC005/BBBC005_v1_images.zip,BBBC005_v1_images/SIMCEPImages_K02_C5_F32_s25_w2.TIF,45356
bbbc005,https://data.broadinstitute.org/bbbc/BBBC005/BBBC005_v1_images.zip,BBBC005_v1_images/SIMCEPImages_K03_C10_F32_s15_w1.TIF,40558
bbbc005,https://data.broadinstitute.org/bbbc/BBBC005/BBBC005_v1_images.zip,BBBC005_v1_images/SIMCEPImages_K04_C14_F32_s09_w2.TIF,90636
bbbc005,https://data.broadinstitute.org/bbbc/BBBC005/BBBC005_v1_images.zip,BBBC005_v1_images/SIMCEPImages_K04_C14_F32_s13_w2.TIF,93304
bbbc005,https://data.broadinstitute.org/bbbc/BBBC005/BBBC005_v1_images.zip,BBBC005_v1_images/SIMCEPImages_K04_C14_F32_s14_w1.TIF,49308
bbbc005,https://data.broadinstitute.org/bbbc/BBBC005/BBBC005_v1_images.zip,BBBC005_v1_images/SIMCEPImages_K04_C14_F32_s17_w2.TIF,89898
bbbc005,https://data.broadinstitute.org/bbbc/BBBC005/BBBC005_v1_images.zip,BBBC005_v1_images/SIMCEPImages_K04_C14_F32_s21_w2.TIF,85878
bbbc005,https://data.broadinstitute.org/bbbc/BBBC005/BBBC005_v1_images.zip,BBBC005_v1_images/SIMCEPImages_K05_C18_F32_s03_w1.TIF,64388
bbbc005,https://data.broadinstitute.org/bbbc/BBBC005/BBBC005_v1_images.zip,BBBC005_v1_images/SIMCEPImages_K07_C27_F32_s04_w1.TIF,84092
bbbc005,https://data.broadinstitute.org/bbbc/BBBC005/BBBC005_v1_images.zip,BBBC005_v1_images/SIMCEPImages_K07_C27_F32_s18_w1.TIF,77438
bbbc005,https://data.broadinstitute.org/bbbc/BBBC005/BBBC005_v1_images.zip,BBBC005_v1_images/SIMCEPImages_K07_C27_F32_s21_w1.TIF,83294
bbbc005,https://data.broadinstitute.org/bbbc/BBBC005/BBBC005_v1_images.zip,BBBC005_v1_images/SIMCEPImages_K08_C31_F32_s19_w2.TIF,166160
bbbc005,https://data.broadinstitute.org/bbbc/BBBC005/BBBC005_v1_images.zip,BBBC005_v1_images/SIMCEPImages_K09_C35_F32_s04_w2.TIF,185736
bbbc005,https://data.broadinstitute.org/bbbc/BBBC005/BBBC005_v1_images.zip,BBBC005_v1_images/SIMCEPImages_K09_C35_F32_s10_w2.TIF,171828
bbbc005,https://data.broadinstitute.org/bbbc/BBBC005/BBBC005_v1_images.zip,BBBC005_v1_images/SIMCEPImages_K10_C40_F32_s25_w1.TIF,116788
bbbc005,https://data.broadinstitute.org/bbbc/BBBC005/BBBC005_v1_images.zip,BBBC005_v1_images/SIMCEPImages_K11_C44_F32_s13_w1.TIF,128864
bbbc005,https://data.broadinstitute.org/bbbc/BBBC005/BBBC005_v1_images.zip,BBBC005_v1_images/SIMCEPImages_K12_C48_F32_s07_w2.TIF,224562
bbbc005,https://data.broadinstitute.org/bbbc/BBBC005/BBBC005_v1_images.zip,BBBC005_v1_images/SIMCEPImages_K12_C48_F32_s12_w1.TIF,134618
bbbc005,https://data.broadinstitute.org/bbbc/BBBC005/BBBC005_v1_images.zip,BBBC005_v1_images/SIMCEPImages_K12_C48_F32_s19_w2.TIF,213010
bbbc005,https://data.broadinstitute.org/bbbc/BBBC005/BBBC005_v1_images.zip,BBBC005_v1_images/SIMCEPImages_K12_C48_F32_s20_w1.TIF,135772
bbbc005,https://data.broadinstitute.org/bbbc/BBBC005/BBBC005_v1_images.zip,BBBC005_v1_images/SIMCEPImages_K13_C53_F32_s03_w1.TIF,143448
bbbc005,https://data.broadinstitute.org/bbbc/BBBC005/BBBC005_v1_images.zip,BBBC005_v1_images/SIMCEPImages_K13_C53_F32_s05_w2.TIF,248304
bbbc005,https://data.broadinstitute.org/bbbc/BBBC005/BBBC005_v1_images.zip,BBBC005_v1_images/SIMCEPImages_K13_C53_F32_s07_w1.TIF,143046
bbbc005,https://data.broadinstitute.org/bbbc/BBBC005/BBBC005_v1_images.zip,BBBC005_v1_images/SIMCEPImages_K13_C53_F32_s12_w2.TIF,239670
bbbc005,https://data.broadinstitute.org/bbbc/BBBC005/BBBC005_v1_images.zip,BBBC005_v1_images/SIMCEPImages_K14_C57_F32_s11_w1.TIF,158464
bbbc005,https://data.broadinstitute.org/bbbc/BBBC005/BBBC005_v1_images.zip,BBBC005_v1_images/SIMCEPImages_K15_C61_F32_s02_w1.TIF,162560
bbbc005,https://data.broadinstitute.org/bbbc/BBBC005/BBBC005_v1_images.zip,BBBC005_v1_images/SIMCEPImages_K15_C61_F32_s08_w1.TIF,164546
bbbc005,https://data.broadinstitute.org/bbbc/BBBC005/BBBC005_v1_images.zip,BBBC005_v1_images/SIMCEPImages_K15_C61_F32_s13_w2.TIF,257334
bbbc005,https://data.broadinstitute.org/bbbc/BBBC005/BBBC005_v1_images.zip,BBBC005_v1_images/SIMCEPImages_K15_C61_F32_s17_w1.TIF,161182
bbbc005,https://data.broadinstitute.org/bbbc/BBBC005/BBBC005_v1_images.zip,BBBC005_v1_images/SIMCEPImages_K15_C61_F32_s18_w2.TIF,249950
bbbc005,https://data.broadinstitute.org/bbbc/BBBC005/BBBC005_v1_images.zip,BBBC005_v1_images/SIMCEPImages_K15_C61_F32_s22_w1.TIF,167860
bbbc005,https://data.broadinstitute.org/bbbc/BBBC005/BBBC005_v1_images.zip,BBBC005_v1_images/SIMCEPImages_K16_C66_F32_s08_w1.TIF,178924
bbbc005,https://data.broadinstitute.org/bbbc/BBBC005/BBBC005_v1_images.zip,BBBC005_v1_images/SIMCEPImages_K17_C70_F32_s06_w2.TIF,279710
bbbc005,https://data.broadinstitute.org/bbbc/BBBC005/BBBC005_v1_images.zip,BBBC005_v1_images/SIMCEPImages_K17_C70_F32_s10_w2.TIF,270190
bbbc005,https://data.broadinstitute.org/bbbc/BBBC005/BBBC005_v1_images.zip,BBBC005_v1_images/SIMCEPImages_K17_C70_F32_s11_w2.TIF,284762
bbbc005,https://data.broadinstitute.org/bbbc/BBBC005/BBBC005_v1_images.zip,BBBC005_v1_images/SIMCEPImages_K17_C70_F32_s23_w2.TIF,276844
bbbc005,https://data.broadinstitute.org/bbbc/BBBC005/BBBC005_v1_images.zip,BBBC005_v1_images/SIMCEPImages_K19_C78_F32_s03_w1.TIF,196584
bbbc005,https://data.broadinstitute.org/bbbc/BBBC005/BBBC005_v1_images.zip,BBBC005_v1_images/SIMCEPImages_K19_C78_F32_s14_w1.TIF,200318
bbbc005,https://data.broadinstitute.org/bbbc/BBBC005/BBBC005_v1_images.zip,BBBC005_v1_images/SIMCEPImages_K19_C78_F32_s19_w1.TIF,203126
bbbc005,https://data.broadinstitute.org/bbbc/BBBC005/BBBC005_v1_images.zip,BBBC005_v1_images/SIMCEPImages_K19_C78_F32_s24_w2.TIF,258462
bbbc005,https://data.broadinstitute.org/bbbc/BBBC005/BBBC005_v1_images.zip,BBBC005_v1_images/SIMCEPImages_K20_C83_F32_s17_w2.TIF,284138
bbbc005,https://data.broadinstitute.org/bbbc/BBBC005/BBBC005_v1_images.zip,BBBC005_v1_images/SIMCEPImages_K20_C83_F32_s22_w1.TIF,203826
bbbc005,https://data.broadinstitute.org/bbbc/BBBC005/BBBC005_v1_images.zip,BBBC005_v1_images/SIMCEPImages_K20_C83_F32_s25_w1.TIF,209686
bbbc005,https://data.broadinstitute.org/bbbc/BBBC005/BBBC005_v1_images.zip,BBBC005_v1_images/SIMCEPImages_K21_C87_F32_s21_w1.TIF,213508
bbbc005,https://data.broadinstitute.org/bbbc/BBBC005/BBBC005_v1_images.zip,BBBC005_v1_images/SIMCEPImages_K22_C91_F32_s03_w2.TIF,283076
bbbc005,https://data.broadinstitute.org/bbbc/BBBC005/BBBC005_v1_images.zip,BBBC005_v1_images/SIMCEPImages_K22_C91_F32_s09_w2.TIF,299612
bbbc005,https://data.broadinstitute.org/bbbc/BBBC005/BBBC005_v1_images.zip,BBBC005_v1_images/SIMCEPImages_K22_C91_F32_s10_w1.TIF,233794
bbbc005,https://data.broadinstitute.org/bbbc/BBBC005/BBBC005_v1_images.zip,BBBC005_v1_images/SIMCEPImages_K23_C96_F32_s24_w2.TIF,306720
bbbc005,https://data.broadinstitute.org/bbbc/BBBC005/BBBC005_v1_images.zip,BBBC005_v1_images/SIMCEPImages_K24_C100_F32_s09_w1.TIF,240040
bbbc005,https://data.broadinstitute.org/bbbc/BBBC005/BBBC005_v1_images.zip,BBBC005_v1_images/SIMCEPImages_K24_C100_F32_s16_w2.TIF,303238
bbbc005,https://data.broadinstitute.org/bbbc/BBBC005/BBBC005_v1_images.zip,BBBC005_v1_images/SIMCEPImages_L01_C1_F35_s06_w2.TIF,16552
bbbc005,https://data.broadinstitute.org/bbbc/BBBC005/BBBC005_v1_images.zip,BBBC005_v1_images/SIMCEPImages_L01_C1_F35_s10_w2.TIF,16722
bbbc005,https://data.broadinstitute.org/bbbc/BBBC005/BBBC005_v1_images.zip,BBBC005_v1_images/SIMCEPImages_L02_C5_F35_s10_w1.TIF,24244
bbbc005,https://data.broadinstitute.org/bbbc/BBBC005/BBBC005_v1_images.zip,BBBC005_v1_images/SIMCEPImages_L02_C5_F35_s16_w2.TIF,43042
bbbc005,https://data.broadinstitute.org/bbbc/BBBC005/BBBC005_v1_images.zip,BBBC005_v1_images/SIMCEPImages_L03_C10_F35_s01_w1.TIF,40796
bbbc005,https://data.broadinstitute.org/bbbc/BBBC005/BBBC005_v1_images.zip,BBBC005_v1_images/SIMCEPImages_L04_C14_F35_s11_w2.TIF,97204
bbbc005,https://data.broadinstitute.org/bbbc/BBBC005/BBBC005_v1_images.zip,BBBC005_v1_images/SIMCEPImages_L04_C14_F35_s20_w2.TIF,91380
bbbc005,https://data.broadinstitute.org/bbbc/BBBC005/BBBC005_v1_images.zip,BBBC005_v1_images/SIMCEPImages_L05_C18_F35_s16_w2.TIF,116742
bbbc005,https://data.broadinstitute.org/bbbc/BBBC005/BBBC005_v1_images.zip,BBBC005_v1_images/SIMCEPImages_L06_C23_F35_s06_w2.TIF,142666
bbbc005,https://data.broadinstitute.org/bbbc/BBBC005/BBBC005_v1_images.zip,BBBC005_v1_images/SIMCEPImages_L06_C23_F35_s12_w1.TIF,78636
bbbc005,https://data.broadinstitute.org/bbbc/BBBC005/BBBC005_v1_images.zip,BBBC005_v1_images/SIMCEPImages_L06_C23_F35_s16_w2.TIF,127646
bbbc005,https://data.broadinstitute.org/bbbc/BBBC005/BBBC005_v1_images.zip,BBBC005_v1_images/SIMCEPImages_L07_C27_F35_s03_w1.TIF,90416
bbbc005,https://data.broadinstitute.org/bbbc/BBBC005/BBBC005_v1_images.zip,BBBC005_v1_images/SIMCEPImages_L08_C31_F35_s09_w1.TIF,99648
bbbc005,https://data.broadinstitute.org/bbbc/BBBC005/BBBC005_v1_images.zip,BBBC005_v1_images/SIMCEPImages_L08_C31_F35_s15_w2.TIF,192764
bbbc005,https://data.broadinstitute.org/bbbc/BBBC005/BBBC005_v1_images.zip,BBBC005_v1_images/SIMCEPImages_L08_C31_F35_s19_w2.TIF,172392
bbbc005,https://data.broadinstitute.org/bbbc/BBBC005/BBBC005_v1_images.zip,BBBC005_v1_images/SIMCEPImages_L08_C31_F35_s20_w2.TIF,172372
bbbc005,https://data.broadinstitute.org/bbbc/BBBC005/BBBC005_v1_images.zip,BBBC005_v1_images/SIMCEPImages_L08_C31_F35_s22_w2.TIF,169932
bbbc005,https://data.broadinstitute.org/bbbc/BBBC005/BBBC005_v1_images.zip,BBBC005_v1_images/SIMCEPImages_L09_C35_F35_s02_w1.TIF,105202
bbbc005,https://data.broadinstitute.org/bbbc/BBBC005/BBBC005_v1_images.zip,BBBC005_v1_images/SIMCEPImages_L09_C35_F35_s02_w2.TIF,176542
bbbc005,https://data.broadinstitute.org/bbbc/BBBC005/BBBC005_v1_images.zip,BBBC005_v1_images/SIMCEPImages_L09_C35_F35_s03_w1.TIF,107528
bbbc005,https://data.broadinstitute.org/bbbc/BBBC005/BBBC005_v1_images.zip,BBBC005_v1_images/SIMCEPImages_L09_C35_F35_s10_w2.TIF,177794
bbbc005,https://data.broadinstitute.org/bbbc/BBBC005/BBBC005_v1_images.zip,BBBC005_v1_images/SIMCEPImages_L10_C40_F35_s04_w1.TIF,122506
bbbc005,https://data.broadinstitute.org/bbbc/BBBC005/BBBC005_v1_images.zip,BBBC005_v1_images/SIMCEPImages_L10_C40_F35_s08_w1.TIF,118786
bbbc005,https://data.broadinstitute.org/bbbc/BBBC005/BBBC005_v1_images.zip,BBBC005_v1_images/SIMCEPImages_L10_C40_F35_s11_w2.TIF,212000
bbbc005,https://data.broadinstitute.org/bbbc/BBBC005/BBBC005_v1_images.zip,BBBC005_v1_images/SIMCEPImages_L10_C40_F35_s16_w1.TIF,122124
bbbc005,https://data.broadinstitute.org/bbbc/BBBC005/BBBC005_v1_images.zip,BBBC005_v1_images/SIMCEPImages_L10_C40_F35_s21_w2.TIF,215338
bbbc005,https://data.broadinstitute.org/bbbc/BBBC005/BBBC005_v1_images.zip,BBBC005_v1_images/SIMCEPImages_L10_C40_F35_s22_w1.TIF,125362
bbbc005,https://data.broadinstitute.org/bbbc/BBBC005/BBBC005_v1_images.zip,BBBC005_v1_images/SIMCEPImages_L11_C44_F35_s03_w1.TIF,130586
bbbc005,https://data.broadinstitute.org/bbbc/BBBC005/BBBC005_v1_images.zip,BBBC005_v1_images/SIMCEPImages_L11_C44_F35_s22_w2.TIF,203204
bbbc005,https://data.broadinstitute.org/bbbc/BBBC005/BBBC005_v1_images.zip,BBBC005_v1_images/SIMCEPImages_L12_C48_F35_s03_w2.TIF,244940
bbbc005,https://data.broadinstitute.org/bbbc/BBBC005/BBBC005_v1_images.zip,BBBC005_v1_images/SIMCEPImages_L12_C48_F35_s09_w1.TIF,140978
bbbc005,https://data.broadinstitute.org/bbbc/BBBC005/BBBC005_v1_images.zip,BBBC005_v1_images/SIMCEPImages_L12_C48_F35_s11_w1.TIF,142650
bbbc005,https://data.broadinstitute.org/bbbc/BBBC005/BBBC005_v1_images.zip,BBBC005_v1_images/SIMCEPImages_L12_C48_F35_s16_w2.TIF,220968
bbbc005,https://data.broadinstitute.org/bbbc/BBBC005/BBBC005_v1_images.zip,BBBC005_v1_images/SIMCEPImages_L13_C53_F35_s10_w1.TIF,150570
bbbc005,https://data.broadinstitute.org/bbbc/BBBC005/BBBC005_v1_images.zip,BBBC005_v1_images/SIMCEPImages_L13_C53_F35_s15_w2.TIF,229924
bbbc005,https://data.broadinstitute.org/bbbc/BBBC005/BBBC005_v1_images.zip,BBBC005_v1_images/SIMCEPImages_L13_C53_F35_s18_w1.TIF,155770
bbbc005,https://data.broadinstitute.org/bbbc/BBBC005/BBBC005_v1_images.zip,BBBC005_v1_images/SIMCEPImages_L14_C57_F35_s07_w1.TIF,159102
bbbc005,https://data.broadinstitute.org/bbbc/BBBC005/BBBC005_v1_images.zip,BBBC005_v1_images/SIMCEPImages_L14_C57_F35_s10_w1.TIF,162402
bbbc005,https://data.broadinstitute.org/bbbc/BBBC005/BBBC005_v1_images.zip,BBBC005_v1_images/SIMCEPImages_L15_C61_F35_s01_w1.TIF,183926
bbbc005,https://data.broadinstitute.org/bbbc/BBBC005/BBBC005_v1_images.zip,BBBC005_v1_images/SIMCEPImages_L15_C61_F35_s24_w1.TIF,165948
bbbc005,https://data.broadinstitute.org/bbbc/BBBC005/BBBC005_v1_images.zip,BBBC005_v1_images/SIMCEPImages_L16_C66_F35_s05_w1.TIF,185346
bbbc005,https://data.broadinstitute.org/bbbc/BBBC005/BBBC005_v1_images.zip,BBBC005_v1_images/SIMCEPImages_L16_C66_F35_s07_w2.TIF,270852
bbbc005,https://data.broadinstitute.org/bbbc/BBBC005/BBBC005_v1_images.zip,BBBC005_v1_images/SIMCEPImages_L16_C66_F35_s11_w2.TIF,272500
bbbc005,https://data.broadinstitute.org/bbbc/BBBC005/BBBC005_v1_images.zip,BBBC005_v1_images/SIMCEPImages_L16_C66_F35_s14_w1.TIF,180604
bbbc005,https://data.broadinstitute.org/bbbc/BBBC005/BBBC005_v1_images.zip,BBBC005_v1_images/SIMCEPImages_L16_C66_F35_s20_w2.TIF,276964
bbbc005,https://data.broadinstitute.org/bbbc/BBBC005/BBBC005_v1_images.zip,BBBC005_v1_images/SIMCEPImages_L17_C70_F35_s01_w2.TIF,256058
bbbc005,https://data.broadinstitute.org/bbbc/BBBC005/BBBC005_v1_images.zip,BBBC005_v1_images/SIMCEPImages_L17_C70_F35_s09_w1.TIF,189600
bbbc005,https://data.broadinstitute.org/bbbc/BBBC005/BBBC005_v1_images.zip,BBBC005_v1_images/SIMCEPImages_L19_C78_F35_s06_w1.TIF,199510
bbbc005,https://data.broadinstitute.org/bbbc/BBBC005/BBBC005_v1_images.zip,BBBC005_v1_images/SIMCEPImages_L19_C78_F35_s13_w2.TIF,284800
bbbc005,https://data.broadinstitute.org/bbbc/BBBC005/BBBC005_v1_images.zip,BBBC005_v1_images/SIMCEPImages_L19_C78_F35_s16_w1.TIF,196206
bbbc005,https://data.broadinstitute.org/bbbc/BBBC005/BBBC005_v1_images.zip,BBBC005_v1_images/SIMCEPImages_L19_C78_F35_s24_w1.TIF,197150
bbbc005,https://data.broadinstitute.org/bbbc/BBBC005/BBBC005_v1_images.zip,BBBC005_v1_images/SIMCEPImages_L21_C87_F35_s11_w2.TIF,292244
bbbc005,https://data.broadinstitute.org/bbbc/BBBC005/BBBC005_v1_images.zip,BBBC005_v1_images/SIMCEPImages_L21_C87_F35_s14_w1.TIF,223302
bbbc005,https://data.broadinstitute.org/bbbc/BBBC005/BBBC005_v1_images.zip,BBBC005_v1_images/SIMCEPImages_L21_C87_F35_s25_w1.TIF,236672
bbbc005,https://data.broadinstitute.org/bbbc/BBBC005/BBBC005_v1_images.zip,BBBC005_v1_images/SIMCEPImages_L22_C91_F35_s07_w1.TIF,232424
bbbc005,https://data.broadinstitute.org/bbbc/BBBC005/BBBC005_v1_images.zip,BBBC005_v1_images/SIMCEPImages_L22_C91_F35_s10_w1.TIF,242450
bbbc005,https://data.broadinstitute.org/bbbc/BBBC005/BBBC005_v1_images.zip,BBBC005_v1_images/SIMCEPImages_L22_C91_F35_s20_w2.TIF,289610
bbbc005,https://data.broadinstitute.org/bbbc/BBBC005/BBBC005_v1_images.zip,BBBC005_v1_images/SIMCEPImages_L24_C100_F35_s05_w1.TIF,250834
bbbc005,https://data.broadinstitute.org/bbbc/BBBC005/BBBC005_v1_images.zip,BBBC005_v1_images/SIMCEPImages_L24_C100_F35_s23_w1.TIF,239382
bbbc005,https://data.broadinstitute.org/bbbc/BBBC005/BBBC005_v1_images.zip,BBBC005_v1_images/SIMCEPImages_M01_C1_F39_s11_w2.TIF,17854
bbbc005,https://data.broadinstitute.org/bbbc/BBBC005/BBBC005_v1_images.zip,BBBC005_v1_images/SIMCEPImages_M01_C1_F39_s20_w1.TIF,11972
bbbc005,https://data.broadinstitute.org/bbbc/BBBC005/BBBC005_v1_images.zip,BBBC005_v1_images/SIMCEPImages_M02_C5_F39_s06_w1.TIF,25562
bbbc005,https://data.broadinstitute.org/bbbc/BBBC005/BBBC005_v1_images.zip,BBBC005_v1_images/SIMCEPImages_M02_C5_F39_s14_w1.TIF,27056
bbbc005,https://data.broadinstitute.org/bbbc/BBBC005/BBBC005_v1_images.zip,BBBC005_v1_images/SIMCEPImages_M02_C5_F39_s22_w2.TIF,41456
bbbc005,https://data.broadinstitute.org/bbbc/BBBC005/BBBC005_v1_images.zip,BBBC005_v1_images/SIMCEPImages_M02_C5_F39_s23_w2.TIF,37888
bbbc005,https://data.broadinstitute.org/bbbc/BBBC005/BBBC005_v1_images.zip,BBBC005_v1_images/SIMCEPImages_M03_C10_F39_s04_w1.TIF,41508
bbbc005,https://data.broadinstitute.org/bbbc/BBBC005/BBBC005_v1_images.zip,BBBC005_v1_images/SIMCEPImages_M03_C10_F39_s25_w1.TIF,38174
bbbc005,https://data.broadinstitute.org/bbbc/BBBC005/BBBC005_v1_images.zip,BBBC005_v1_images/SIMCEPImages_M04_C14_F39_s02_w2.TIF,102850
bbbc005,https://data.broadinstitute.org/bbbc/BBBC005/BBBC005_v1_images.zip,BBBC005_v1_images/SIMCEPImages_M04_C14_F39_s09_w2.TIF,99118
bbbc005,https://data.broadinstitute.org/bbbc/BBBC005/BBBC005_v1_images.zip,BBBC005_v1_images/SIMCEPImages_M04_C14_F39_s10_w1.TIF,54170
bbbc005,https://data.broadinstitute.org/bbbc/BBBC005/BBBC005_v1_images.zip,BBBC005_v1_images/SIMCEPImages_M04_C14_F39_s13_w2.TIF,102342
bbbc005,https://data.broadinstitute.org/bbbc/BBBC005/BBBC005_v1_images.zip,BBBC005_v1_images/SIMCEPImages_M04_C14_F39_s16_w2.TIF,104546
bbbc005,https://data.broadinstitute.org/bbbc/BBBC005/BBBC005_v1_images.zip,BBBC005_v1_images/SIMCEPImages_M04_C14_F39_s22_w2.TIF,102918
bbbc005,https://data.broadinstitute.org/bbbc/BBBC005/BBBC005_v1_images.zip,BBBC005_v1_images/SIMCEPImages_M05_C18_F39_s10_w2.TIF,120146
bbbc005,https://data.broadinstitute.org/bbbc/BBBC005/BBBC005_v1_images.zip,BBBC005_v1_images/SIMCEPImages_M05_C18_F39_s14_w1.TIF,68932
bbbc005,https://data.broadinstitute.org/bbbc/BBBC005/BBBC005_v1_images.zip,BBBC005_v1_images/SIMCEPImages_M05_C18_F39_s20_w1.TIF,70312
bbbc005,https://data.broadinstitute.org/bbbc/BBBC005/BBBC005_v1_images.zip,BBBC005_v1_images/SIMCEPImages_M06_C23_F39_s04_w1.TIF,90726
bbbc005,https://data.broadinstitute.org/bbbc/BBBC005/BBBC005_v1_images.zip,BBBC005_v1_images/SIMCEPImages_M06_C23_F39_s15_w2.TIF,152178
bbbc005,https://data.broadinstitute.org/bbbc/BBBC005/BBBC005_v1_images.zip,BBBC005_v1_images/SIMCEPImages_M06_C23_F39_s18_w1.TIF,86366
bbbc005,https://data.broadinstitute.org/bbbc/BBBC005/BBBC005_v1_images.zip,BBBC005_v1_images/SIMCEPImages_M06_C23_F39_s24_w2.TIF,156362
bbbc005,https://data.broadinstitute.org/bbbc/BBBC005/BBBC005_v1_images.zip,BBBC005_v1_images/SIMCEPImages_M06_C23_F39_s25_w2.TIF,153496
bbbc005,https://data.broadinstitute.org/bbbc/BBBC005/BBBC005_v1_images.zip,BBBC005_v1_images/SIMCEPImages_M07_C27_F39_s08_w2.TIF,161610
bbbc005,https://data.broadinstitute.org/bbbc/BBBC005/BBBC005_v1_images.zip,BBBC005_v1_images/SIMCEPImages_M08_C31_F39_s08_w1.TIF,108914
bbbc005,https://data.broadinstitute.org/bbbc/BBBC005/BBBC005_v1_images.zip,BBBC005_v1_images/SIMCEPImages_M08_C31_F39_s25_w1.TIF,104662
bbbc005,https://data.broadinstitute.org/bbbc/BBBC005/BBBC005_v1_images.zip,BBBC005_v1_images/SIMCEPImages_M09_C35_F39_s22_w2.TIF,187984
bbbc005,https://data.broadinstitute.org/bbbc/BBBC005/BBBC005_v1_images.zip,BBBC005_v1_images/SIMCEPImages_M10_C40_F39_s05_w1.TIF,131224
bbbc005,https://data.broadinstitute.org/bbbc/BBBC005/BBBC005_v1_images.zip,BBBC005_v1_images/SIMCEPImages_M10_C40_F39_s09_w1.TIF,134200
bbbc005,https://data.broadinstitute.org/bbbc/BBBC005/BBBC005_v1_images.zip,BBBC005_v1_images/SIMCEPImages_M10_C40_F39_s15_w1.TIF,116640
bbbc005,https://data.broadinstitute.org/bbbc/BBBC005/BBBC005_v1_images.zip,BBBC005_v1_images/SIMCEPImages_M10_C40_F39_s24_w1.TIF,132036
bbbc005,https://data.broadinstitute.org/bbbc/BBBC005/BBBC005_v1_images.zip,BBBC005_v1_images/SIMCEPImages_M11_C44_F39_s13_w1.TIF,143624
bbbc005,https://data.broadinstitute.org/bbbc/BBBC005/BBBC005_v1_images.zip,BBBC005_v1_images/SIMCEPImages_M11_C44_F39_s17_w2.TIF,210964
bbbc005,https://data.broadinstitute.org/bbbc/BBBC005/BBBC005_v1_images.zip,BBBC005_v1_images/SIMCEPImages_M13_C53_F39_s04_w1.TIF,168944
bbbc005,https://data.broadinstitute.org/bbbc/BBBC005/BBBC005_v1_images.zip,BBBC005_v1_images/SIMCEPImages_M13_C53_F39_s09_w2.TIF,260358
bbbc005,https://data.broadinstitute.org/bbbc/BBBC005/BBBC005_v1_images.zip,BBBC005_v1_images/SIMCEPImages_M13_C53_F39_s11_w2.TIF,259584
bbbc005,https://data.broadinstitute.org/bbbc/BBBC005/BBBC005_v1_images.zip,BBBC005_v1_images/SIMCEPImages_M13_C53_F39_s15_w2.TIF,236562
bbbc005,https://data.broadinstitute.org/bbbc/BBBC005/BBBC005_v1_images.zip,BBBC005_v1_images/SIMCEPImages_M13_C53_F39_s19_w1.TIF,161092
bbbc005,https://data.broadinstitute.org/bbbc/BBBC005/BBBC005_v1_images.zip,BBBC005_v1_images/SIMCEPImages_M14_C57_F39_s21_w1.TIF,179124
bbbc005,https://data.broadinstitute.org/bbbc/BBBC005/BBBC005_v1_images.zip,BBBC005_v1_images/SIMCEPImages_M14_C57_F39_s24_w2.TIF,259226
bbbc005,https://data.broadinstitute.org/bbbc/BBBC005/BBBC005_v1_images.zip,BBBC005_v1_images/SIMCEPImages_M15_C61_F39_s02_w1.TIF,178304
bbbc005,https://data.broadinstitute.org/bbbc/BBBC005/BBBC005_v1_images.zip,BBBC005_v1_images/SIMCEPImages_M15_C61_F39_s02_w2.TIF,254328
bbbc005,https://data.broadinstitute.org/bbbc/BBBC005/BBBC005_v1_images.zip,BBBC005_v1_images/SIMCEPImages_M15_C61_F39_s20_w2.TIF,255854
bbbc005,https://data.broadinstitute.org/bbbc/BBBC005/BBBC005_v1_images.zip,BBBC005_v1_images/SIMCEPImages_M15_C61_F39_s21_w2.TIF,251984
bbbc005,https://data.broadinstitute.org/bbbc/BBBC005/BBBC005_v1_images.zip,BBBC005_v1_images/SIMCEPImages_M16_C66_F39_s02_w2.TIF,269910
bbbc005,https://data.broadinstitute.org/bbbc/BBBC005/BBBC005_v1_images.zip,BBBC005_v1_images/SIMCEPImages_M18_C74_F39_s15_w2.TIF,285658
bbbc005,https://data.broadinstitute.org/bbbc/BBBC005/BBBC005_v1_images.zip,BBBC005_v1_images/SIMCEPImages_M18_C74_F39_s25_w2.TIF,293572
bbbc005,https://data.broadinstitute.org/bbbc/BBBC005/BBBC005_v1_images.zip,BBBC005_v1_images/SIMCEPImages_M19_C78_F39_s04_w1.TIF,224394
bbbc005,https://data.broadinstitute.org/bbbc/BBBC005/BBBC005_v1_images.zip,BBBC005_v1_images/SIMCEPImages_M19_C78_F39_s05_w1.TIF,216744
bbbc005,https://data.broadinstitute.org/bbbc/BBBC005/BBBC005_v1_images.zip,BBBC005_v1_images/SIMCEPImages_M19_C78_F39_s17_w2.TIF,280372
bbbc005,https://data.broadinstitute.org/bbbc/BBBC005/BBBC005_v1_images.zip,BBBC005_v1_images/SIMCEPImages_M21_C87_F39_s05_w1.TIF,229592
bbbc005,https://data.broadinstitute.org/bbbc/BBBC005/BBBC005_v1_images.zip,BBBC005_v1_images/SIMCEPImages_M21_C87_F39_s08_w2.TIF,296666
bbbc005,https://data.broadinstitute.org/bbbc/BBBC005/BBBC005_v1_images.zip,BBBC005_v1_images/SIMCEPImages_M21_C87_F39_s16_w1.TIF,237418
bbbc005,https://data.broadinstitute.org/bbbc/BBBC005/BBBC005_v1_images.zip,BBBC005_v1_images/SIMCEPImages_M21_C87_F39_s24_w2.TIF,303988
bbbc005,https://data.broadinstitute.org/bbbc/BBBC005/BBBC005_v1_images.zip,BBBC005_v1_images/SIMCEPImages_M22_C91_F39_s01_w2.TIF,301484
bbbc005,https://data.broadinstitute.org/bbbc/BBBC005/BBBC005_v1_images.zip,BBBC005_v1_images/SIMCEPImages_M22_C91_F39_s03_w1.TIF,230124
bbbc005,https://data.broadinstitute.org/bbbc/BBBC005/BBBC005_v1_images.zip,BBBC005_v1_images/SIMCEPImages_M22_C91_F39_s11_w2.TIF,308726
bbbc005,https://data.broadinstitute.org/bbbc/BBBC005/BBBC005_v1_images.zip,BBBC005_v1_images/SIMCEPImages_M22_C91_F39_s20_w1.TIF,231682
bbbc005,https://data.broadinstitute.org/bbbc/BBBC005/BBBC005_v1_images.zip,BBBC005_v1_images/SIMCEPImages_M23_C96_F39_s06_w2.TIF,304754
bbbc005,https://data.broadinstitute.org/bbbc/BBBC005/BBBC005_v1_images.zip,BBBC005_v1_images/SIMCEPImages_M23_C96_F39_s17_w1.TIF,245694
bbbc005,https://data.broadinstitute.org/bbbc/BBBC005/BBBC005_v1_images.zip,BBBC005_v1_images/SIMCEPImages_M24_C100_F39_s18_w1.TIF,254964
bbbc005,https://data.broadinstitute.org/bbbc/BBBC005/BBBC005_v1_images.zip,BBBC005_v1_images/SIMCEPImages_M24_C100_F39_s19_w1.TIF,254284
bbbc005,https://data.broadinstitute.org/bbbc/BBBC005/BBBC005_v1_images.zip,BBBC005_v1_images/SIMCEPImages_N01_C1_F42_s08_w1.TIF,12226
bbbc005,https://data.broadinstitute.org/bbbc/BBBC005/BBBC005_v1_images.zip,BBBC005_v1_images/SIMCEPImages_N01_C1_F42_s09_w2.TIF,18472
bbbc005,https://data.broadinstitute.org/bbbc/BBBC005/BBBC005_v1_images.zip,BBBC005_v1_images/SIMCEPImages_N01_C1_F42_s11_w1.TIF,12344
bbbc005,https://data.broadinstitute.org/bbbc/BBBC005/BBBC005_v1_images.zip,BBBC005_v1_images/SIMCEPImages_N01_C1_F42_s11_w2.TIF,18282
bbbc005,https://data.broadinstitute.org/bbbc/BBBC005/BBBC005_v1_images.zip,BBBC005_v1_images/SIMCEPImages_N01_C1_F42_s16_w1.TIF,12330
bbbc005,https://data.broadinstitute.org/bbbc/BBBC005/BBBC005_v1_images.zip,BBBC005_v1_images/SIMCEPImages_N02_C5_F42_s08_w2.TIF,51724
bbbc005,https://data.broadinstitute.org/bbbc/BBBC005/BBBC005_v1_images.zip,BBBC005_v1_images/SIMCEPImages_N02_C5_F42_s25_w1.TIF,28278
bbbc005,https://data.broadinstitute.org/bbbc/BBBC005/BBBC005_v1_images.zip,BBBC005_v1_images/SIMCEPImages_N03_C10_F42_s02_w2.TIF,88076
bbbc005,https://data.broadinstitute.org/bbbc/BBBC005/BBBC005_v1_images.zip,BBBC005_v1_images/SIMCEPImages_N04_C14_F42_s09_w2.TIF,102654
bbbc005,https://data.broadinstitute.org/bbbc/BBBC005/BBBC005_v1_images.zip,BBBC005_v1_images/SIMCEPImages_N04_C14_F42_s12_w1.TIF,59880
bbbc005,https://data.broadinstitute.org/bbbc/BBBC005/BBBC005_v1_images.zip,BBBC005_v1_images/SIMCEPImages_N04_C14_F42_s20_w1.TIF,55750
bbbc005,https://data.broadinstitute.org/bbbc/BBBC005/BBBC005_v1_images.zip,BBBC005_v1_images/SIMCEPImages_N04_C14_F42_s24_w1.TIF,56662
bbbc005,https://data.broadinstitute.org/bbbc/BBBC005/BBBC005_v1_images.zip,BBBC005_v1_images/SIMCEPImages_N05_C18_F42_s01_w2.TIF,132226
bbbc005,https://data.broadinstitute.org/bbbc/BBBC005/BBBC005_v1_images.zip,BBBC005_v1_images/SIMCEPImages_N05_C18_F42_s19_w1.TIF,68106
bbbc005,https://data.broadinstitute.org/bbbc/BBBC005/BBBC005_v1_images.zip,BBBC005_v1_images/SIMCEPImages_N07_C27_F42_s12_w1.TIF,100446
bbbc005,https://data.broadinstitute.org/bbbc/BBBC005/BBBC005_v1_images.zip,BBBC005_v1_images/SIMCEPImages_N07_C27_F42_s16_w1.TIF,95790
bbbc005,https://data.broadinstitute.org/bbbc/BBBC005/BBBC005_v1_images.zip,BBBC005_v1_images/SIMCEPImages_N07_C27_F42_s20_w2.TIF,176720
bbbc005,https://data.broadinstitute.org/bbbc/BBBC005/BBBC005_v1_images.zip,BBBC005_v1_images/SIMCEPImages_N08_C31_F42_s09_w1.TIF,109918
bbbc005,https://data.broadinstitute.org/bbbc/BBBC005/BBBC005_v1_images.zip,BBBC005_v1_images/SIMCEPImages_N08_C31_F42_s19_w2.TIF,187148
bbbc005,https://data.broadinstitute.org/bbbc/BBBC005/BBBC005_v1_images.zip,BBBC005_v1_images/SIMCEPImages_N09_C35_F42_s06_w2.TIF,178370
bbbc005,https://data.broadinstitute.org/bbbc/BBBC005/BBBC005_v1_images.zip,BBBC005_v1_images/SIMCEPImages_N09_C35_F42_s10_w1.TIF,120360
bbbc005,https://data.broadinstitute.org/bbbc/BBBC005/BBBC005_v1_images.zip,BBBC005_v1_images/SIMCEPImages_N09_C35_F42_s17_w1.TIF,126764
bbbc005,https://data.broadinstitute.org/bbbc/BBBC005/BBBC005_v1_images.zip,BBBC005_v1_images/SIMCEPImages_N10_C40_F42_s04_w1.TIF,135086
bbbc005,https://data.broadinstitute.org/bbbc/BBBC005/BBBC005_v1_images.zip,BBBC005_v1_images/SIMCEPImages_N10_C40_F42_s07_w1.TIF,135638
bbbc005,https://data.broadinstitute.org/bbbc/BBBC005/BBBC005_v1_images.zip,BBBC005_v1_images/SIMCEPImages_N10_C40_F42_s09_w1.TIF,140192
bbbc005,https://data.broadinstitute.org/bbbc/BBBC005/BBBC005_v1_images.zip,BBBC005_v1_images/SIMCEPImages_N11_C44_F42_s09_w1.TIF,141612
bbbc005,https://data.broadinstitute.org/bbbc/BBBC005/BBBC005_v1_images.zip,BBBC005_v1_images/SIMCEPImages_N11_C44_F42_s11_w1.TIF,143904
bbbc005,https://data.broadinstitute.org/bbbc/BBBC005/BBBC005_v1_images.zip,BBBC005_v1_images/SIMCEPImages_N11_C44_F42_s22_w2.TIF,215292
bbbc005,https://data.broadinstitute.org/bbbc/BBBC005/BBBC005_v1_images.zip,BBBC005_v1_images/SIMCEPImages_N11_C44_F42_s23_w2.TIF,236210
bbbc005,https://data.broadinstitute.org/bbbc/BBBC005/BBBC005_v1_images.zip,BBBC005_v1_images/SIMCEPImages_N12_C48_F42_s11_w2.TIF,239980
bbbc005,https://data.broadinstitute.org/bbbc/BBBC005/BBBC005_v1_images.zip,BBBC005_v1_images/SIMCEPImages_N12_C48_F42_s12_w2.TIF,233444
bbbc005,https://data.broadinstitute.org/bbbc/BBBC005/BBBC005_v1_images.zip,BBBC005_v1_images/SIMCEPImages_N13_C53_F42_s02_w2.TIF,250318
bbbc005,https://data.broadinstitute.org/bbbc/BBBC005/BBBC005_v1_images.zip,BBBC005_v1_images/SIMCEPImages_N13_C53_F42_s04_w1.TIF,176156
bbbc005,https://data.broadinstitute.org/bbbc/BBBC005/BBBC005_v1_images.zip,BBBC005_v1_images/SIMCEPImages_N13_C53_F42_s16_w1.TIF,167210
bbbc005,https://data.broadinstitute.org/bbbc/BBBC005/BBBC005_v1_images.zip,BBBC005_v1_images/SIMCEPImages_N13_C53_F42_s17_w2.TIF,249650
bbbc005,https://data.broadinstitute.org/bbbc/BBBC005/BBBC005_v1_images.zip,BBBC005_v1_images/SIMCEPImages_N13_C53_F42_s19_w2.TIF,257294
bbbc005,https://data.broadinstitute.org/bbbc/BBBC005/BBBC005_v1_images.zip,BBBC005_v1_images/SIMCEPImages_N14_C57_F42_s12_w2.TIF,248888
bbbc005,https://data.broadinstitute.org/bbbc/BBBC005/BBBC005_v1_images.zip,BBBC005_v1_images/SIMCEPImages_N14_C57_F42_s20_w1.TIF,185736
bbbc005,https://data.broadinstitute.org/bbbc/BBBC005/BBBC005_v1_images.zip,BBBC005_v1_images/SIMCEPImages_N15_C61_F42_s04_w2.TIF,275624
bbbc005,https://data.broadinstitute.org/bbbc/BBBC005/BBBC005_v1_images.zip,BBBC005_v1_images/SIMCEPImages_N15_C61_F42_s05_w2.TIF,268194
bbbc005,https://data.broadinstitute.org/bbbc/BBBC005/BBBC005_v1_images.zip,BBBC005_v1_images/SIMCEPImages_N15_C61_F42_s17_w1.TIF,182318
bbbc005,https://data.broadinstitute.org/bbbc/BBBC005/BBBC005_v1_images.zip,BBBC005_v1_images/SIMCEPImages_N15_C61_F42_s20_w2.TIF,259996
bbbc005,https://data.broadinstitute.org/bbbc/BBBC005/BBBC005_v1_images.zip,BBBC005_v1_images/SIMCEPImages_N17_C70_F42_s18_w2.TIF,278982
bbbc005,https://data.broadinstitute.org/bbbc/BBBC005/BBBC005_v1_images.zip,BBBC005_v1_images/SIMCEPImages_N18_C74_F42_s07_w2.TIF,289358
bbbc005,https://data.broadinstitute.org/bbbc/BBBC005/BBBC005_v1_images.zip,BBBC005_v1_images/SIMCEPImages_N19_C78_F42_s02_w2.TIF,300264
bbbc005,https://data.broadinstitute.org/bbbc/BBBC005/BBBC005_v1_images.zip,BBBC005_v1_images/SIMCEPImages_N19_C78_F42_s19_w2.TIF,298808
bbbc005,https://data.broadinstitute.org/bbbc/BBBC005/BBBC005_v1_images.zip,BBBC005_v1_images/SIMCEPImages_N19_C78_F42_s24_w2.TIF,269292
bbbc005,https://data.broadinstitute.org/bbbc/BBBC005/BBBC005_v1_images.zip,BBBC005_v1_images/SIMCEPImages_N21_C87_F42_s05_w1.TIF,235152
bbbc005,https://data.broadinstitute.org/bbbc/BBBC005/BBBC005_v1_images.zip,BBBC005_v1_images/SIMCEPImages_N21_C87_F42_s09_w1.TIF,250636
bbbc005,https://data.broadinstitute.org/bbbc/BBBC005/BBBC005_v1_images.zip,BBBC005_v1_images/SIMCEPImages_N21_C87_F42_s23_w1.TIF,244034
bbbc005,https://data.broadinstitute.org/bbbc/BBBC005/BBBC005_v1_images.zip,BBBC005_v1_images/SIMCEPImages_N22_C91_F42_s04_w2.TIF,294240
bbbc005,https://data.broadinstitute.org/bbbc/BBBC005/BBBC005_v1_images.zip,BBBC005_v1_images/SIMCEPImages_N22_C91_F42_s08_w2.TIF,301716
bbbc005,https://data.broadinstitute.org/bbbc/BBBC005/BBBC005_v1_images.zip,BBBC005_v1_images/SIMCEPImages_N24_C100_F42_s02_w2.TIF,307846
bbbc005,https://data.broadinstitute.org/bbbc/BBBC005/BBBC005_v1_images.zip,BBBC005_v1_images/SIMCEPImages_N24_C100_F42_s16_w2.TIF,306920
bbbc005,https://data.broadinstitute.org/bbbc/BBBC005/BBBC005_v1_images.zip,BBBC005_v1_images/SIMCEPImages_O01_C1_F45_s22_w2.TIF,16662
bbbc005,https://data.broadinstitute.org/bbbc/BBBC005/BBBC005_v1_images.zip,BBBC005_v1_images/SIMCEPImages_O03_C10_F45_s07_w1.TIF,48092
bbbc005,https://data.broadinstitute.org/bbbc/BBBC005/BBBC005_v1_images.zip,BBBC005_v1_images/SIMCEPImages_O03_C10_F45_s13_w2.TIF,78104
bbbc005,https://data.broadinstitute.org/bbbc/BBBC005/BBBC005_v1_images.zip,BBBC005_v1_images/SIMCEPImages_O03_C10_F45_s19_w2.TIF,70108
bbbc005,https://data.broadinstitute.org/bbbc/BBBC005/BBBC005_v1_images.zip,BBBC005_v1_images/SIMCEPImages_O04_C14_F45_s12_w2.TIF,111418
bbbc005,https://data.broadinstitute.org/bbbc/BBBC005/BBBC005_v1_images.zip,BBBC005_v1_images/SIMCEPImages_O05_C18_F45_s04_w1.TIF,70586
bbbc005,https://data.broadinstitute.org/bbbc/BBBC005/BBBC005_v1_images.zip,BBBC005_v1_images/SIMCEPImages_O05_C18_F45_s17_w2.TIF,130652
bbbc005,https://data.broadinstitute.org/bbbc/BBBC005/BBBC005_v1_images.zip,BBBC005_v1_images/SIMCEPImages_O05_C18_F45_s21_w2.TIF,136552
bbbc005,https://data.broadinstitute.org/bbbc/BBBC005/BBBC005_v1_images.zip,BBBC005_v1_images/SIMCEPImages_O06_C23_F45_s09_w2.TIF,152388
bbbc005,https://data.broadinstitute.org/bbbc/BBBC005/BBBC005_v1_images.zip,BBBC005_v1_images/SIMCEPImages_O06_C23_F45_s15_w2.TIF,158616
bbbc005,https://data.broadinstitute.org/bbbc/BBBC005/BBBC005_v1_images.zip,BBBC005_v1_images/SIMCEPImages_O06_C23_F45_s17_w2.TIF,150816
bbbc005,https://data.broadinstitute.org/bbbc/BBBC005/BBBC005_v1_images.zip,BBBC005_v1_images/SIMCEPImages_O06_C23_F45_s25_w1.TIF,91100
bbbc005,https://data.broadinstitute.org/bbbc/BBBC005/BBBC005_v1_images.zip,BBBC005_v1_images/SIMCEPImages_O07_C27_F45_s03_w1.TIF,102310
bbbc005,https://data.broadinstitute.org/bbbc/BBBC005/BBBC005_v1_images.zip,BBBC005_v1_images/SIMCEPImages_O07_C27_F45_s20_w2.TIF,179490
bbbc005,https://data.broadinstitute.org/bbbc/BBBC005/BBBC005_v1_images.zip,BBBC005_v1_images/SIMCEPImages_O07_C27_F45_s25_w2.TIF,168944
bbbc005,https://data.broadinstitute.org/bbbc/BBBC005/BBBC005_v1_images.zip,BBBC005_v1_images/SIMCEPImages_O08_C31_F45_s06_w1.TIF,113500
bbbc005,https://data.broadinstitute.org/bbbc/BBBC005/BBBC005_v1_images.zip,BBBC005_v1_images/SIMCEPImages_O08_C31_F45_s13_w2.TIF,183210
bbbc005,https://data.broadinstitute.org/bbbc/BBBC005/BBBC005_v1_images.zip,BBBC005_v1_images/SIMCEPImages_O08_C31_F45_s19_w2.TIF,190484
bbbc005,https://data.broadinstitute.org/bbbc/BBBC005/BBBC005_v1_images.zip,BBBC005_v1_images/SIMCEPImages_O08_C31_F45_s20_w2.TIF,186630
bbbc005,https://data.broadinstitute.org/bbbc/BBBC005/BBBC005_v1_images.zip,BBBC005_v1_images/SIMCEPImages_O09_C35_F45_s04_w1.TIF,128534
bbbc005,https://data.broadinstitute.org/bbbc/BBBC005/BBBC005_v1_images.zip,BBBC005_v1_images/SIMCEPImages_O09_C35_F45_s15_w2.TIF,205020
bbbc005,https://data.broadinstitute.org/bbbc/BBBC005/BBBC005_v1_images.zip,BBBC005_v1_images/SIMCEPImages_O09_C35_F45_s20_w2.TIF,198204
bbbc005,https://data.broadinstitute.org/bbbc/BBBC005/BBBC005_v1_images.zip,BBBC005_v1_images/SIMCEPImages_O10_C40_F45_s07_w2.TIF,210902
bbbc005,https://data.broadinstitute.org/bbbc/BBBC005/BBBC005_v1_images.zip,BBBC005_v1_images/SIMCEPImages_O10_C40_F45_s19_w2.TIF,222600
bbbc005,https://data.broadinstitute.org/bbbc/BBBC005/BBBC005_v1_images.zip,BBBC005_v1_images/SIMCEPImages_O11_C44_F45_s07_w1.TIF,153464
bbbc005,https://data.broadinstitute.org/bbbc/BBBC005/BBBC005_v1_images.zip,BBBC005_v1_images/SIMCEPImages_O11_C44_F45_s21_w2.TIF,244638
bbbc005,https://data.broadinstitute.org/bbbc/BBBC005/BBBC005_v1_images.zip,BBBC005_v1_images/SIMCEPImages_O11_C44_F45_s25_w2.TIF,236988
bbbc005,https://data.broadinstitute.org/bbbc/BBBC005/BBBC005_v1_images.zip,BBBC005_v1_images/SIMCEPImages_O12_C48_F45_s06_w1.TIF,164666
bbbc005,https://data.broadinstitute.org/bbbc/BBBC005/BBBC005_v1_images.zip,BBBC005_v1_images/SIMCEPImages_O12_C48_F45_s12_w2.TIF,235870
bbbc005,https://data.broadinstitute.org/bbbc/BBBC005/BBBC005_v1_images.zip,BBBC005_v1_images/SIMCEPImages_O13_C53_F45_s07_w1.TIF,169026
bbbc005,https://data.broadinstitute.org/bbbc/BBBC005/BBBC005_v1_images.zip,BBBC005_v1_images/SIMCEPImages_O14_C57_F45_s01_w2.TIF,261208
bbbc005,https://data.broadinstitute.org/bbbc/BBBC005/BBBC005_v1_images.zip,BBBC005_v1_images/SIMCEPImages_O14_C57_F45_s12_w1.TIF,182248
bbbc005,https://data.broadinstitute.org/bbbc/BBBC005/BBBC005_v1_images.zip,BBBC005_v1_images/SIMCEPImages_O14_C57_F45_s19_w1.TIF,184740
bbbc005,https://data.broadinstitute.org/bbbc/BBBC005/BBBC005_v1_images.zip,BBBC005_v1_images/SIMCEPImages_O15_C61_F45_s03_w1.TIF,184974
bbbc005,https://data.broadinstitute.org/bbbc/BBBC005/BBBC005_v1_images.zip,BBBC005_v1_images/SIMCEPImages_O15_C61_F45_s23_w1.TIF,185940
bbbc005,https://data.broadinstitute.org/bbbc/BBBC005/BBBC005_v1_images.zip,BBBC005_v1_images/SIMCEPImages_O16_C66_F45_s06_w1.TIF,196228
bbbc005,https://data.broadinstitute.org/bbbc/BBBC005/BBBC005_v1_images.zip,BBBC005_v1_images/SIMCEPImages_O16_C66_F45_s10_w2.TIF,269906
bbbc005,https://data.broadinstitute.org/bbbc/BBBC005/BBBC005_v1_images.zip,BBBC005_v1_images/SIMCEPImages_O17_C70_F45_s14_w1.TIF,209916
bbbc005,https://data.broadinstitute.org/bbbc/BBBC005/BBBC005_v1_images.zip,BBBC005_v1_images/SIMCEPImages_O19_C78_F45_s03_w1.TIF,223672
bbbc005,https://data.broadinstitute.org/bbbc/BBBC005/BBBC005_v1_images.zip,BBBC005_v1_images/SIMCEPImages_O19_C78_F45_s08_w1.TIF,226032
bbbc005,https://data.broadinstitute.org/bbbc/BBBC005/BBBC005_v1_images.zip,BBBC005_v1_images/SIMCEPImages_O19_C78_F45_s15_w2.TIF,286280
bbbc005,https://data.broadinstitute.org/bbbc/BBBC005/BBBC005_v1_images.zip,BBBC005_v1_images/SIMCEPImages_O20_C83_F45_s19_w1.TIF,246852
bbbc005,https://data.broadinstitute.org/bbbc/BBBC005/BBBC005_v1_images.zip,BBBC005_v1_images/SIMCEPImages_O20_C83_F45_s22_w1.TIF,229314
bbbc005,https://data.broadinstitute.org/bbbc/BBBC005/BBBC005_v1_images.zip,BBBC005_v1_images/SIMCEPImages_O21_C87_F45_s06_w2.TIF,298018
bbbc005,https://data.broadinstitute.org/bbbc/BBBC005/BBBC005_v1_images.zip,BBBC005_v1_images/SIMCEPImages_O21_C87_F45_s09_w2.TIF,313946
bbbc005,https://data.broadinstitute.org/bbbc/BBBC005/BBBC005_v1_images.zip,BBBC005_v1_images/SIMCEPImages_O21_C87_F45_s17_w2.TIF,295996
bbbc005,https://data.broadinstitute.org/bbbc/BBBC005/BBBC005_v1_images.zip,BBBC005_v1_images/SIMCEPImages_O21_C87_F45_s19_w1.TIF,235530
bbbc005,https://data.broadinstitute.org/bbbc/BBBC005/BBBC005_v1_images.zip,BBBC005_v1_images/SIMCEPImages_O22_C91_F45_s08_w2.TIF,302566
bbbc005,https://data.broadinstitute.org/bbbc/BBBC005/BBBC005_v1_images.zip,BBBC005_v1_images/SIMCEPImages_O23_C96_F45_s03_w1.TIF,257760
bbbc005,https://data.broadinstitute.org/bbbc/BBBC005/BBBC005_v1_images.zip,BBBC005_v1_images/SIMCEPImages_O23_C96_F45_s16_w1.TIF,253798
bbbc005,https://data.broadinstitute.org/bbbc/BBBC005/BBBC005_v1_images.zip,BBBC005_v1_images/SIMCEPImages_O23_C96_F45_s16_w2.TIF,308116
bbbc005,https://data.broadinstitute.org/bbbc/BBBC005/BBBC005_v1_images.zip,BBBC005_v1_images/SIMCEPImages_O23_C96_F45_s20_w1.TIF,241346
bbbc005,https://data.broadinstitute.org/bbbc/BBBC005/BBBC005_v1_images.zip,BBBC005_v1_images/SIMCEPImages_O24_C100_F45_s12_w1.TIF,264900
bbbc005,https://data.broadinstitute.org/bbbc/BBBC005/BBBC005_v1_images.zip,BBBC005_v1_images/SIMCEPImages_O24_C100_F45_s13_w2.TIF,309252
bbbc005,https://data.broadinstitute.org/bbbc/BBBC005/BBBC005_v1_images.zip,BBBC005_v1_images/SIMCEPImages_O24_C100_F45_s15_w2.TIF,310228
bbbc005,https://data.broadinstitute.org/bbbc/BBBC005/BBBC005_v1_images.zip,BBBC005_v1_images/SIMCEPImages_O24_C100_F45_s23_w1.TIF,255716
bbbc005,https://data.broadinstitute.org/bbbc/BBBC005/BBBC005_v1_images.zip,BBBC005_v1_images/SIMCEPImages_P01_C1_F48_s24_w2.TIF,16218
bbbc005,https://data.broadinstitute.org/bbbc/BBBC005/BBBC005_v1_images.zip,BBBC005_v1_images/SIMCEPImages_P02_C5_F48_s07_w2.TIF,49090
bbbc005,https://data.broadinstitute.org/bbbc/BBBC005/BBBC005_v1_images.zip,BBBC005_v1_images/SIMCEPImages_P02_C5_F48_s19_w2.TIF,48508
bbbc005,https://data.broadinstitute.org/bbbc/BBBC005/BBBC005_v1_images.zip,BBBC005_v1_images/SIMCEPImages_P03_C10_F48_s03_w2.TIF,73286
bbbc005,https://data.broadinstitute.org/bbbc/BBBC005/BBBC005_v1_images.zip,BBBC005_v1_images/SIMCEPImages_P03_C10_F48_s14_w2.TIF,81548
bbbc005,https://data.broadinstitute.org/bbbc/BBBC005/BBBC005_v1_images.zip,BBBC005_v1_images/SIMCEPImages_P05_C18_F48_s18_w1.TIF,80878
bbbc005,https://data.broadinstitute.org/bbbc/BBBC005/BBBC005_v1_images.zip,BBBC005_v1_images/SIMCEPImages_P06_C23_F48_s02_w2.TIF,168364
bbbc005,https://data.broadinstitute.org/bbbc/BBBC005/BBBC005_v1_images.zip,BBBC005_v1_images/SIMCEPImages_P06_C23_F48_s14_w1.TIF,93712
bbbc005,https://data.broadinstitute.org/bbbc/BBBC005/BBBC005_v1_images.zip,BBBC005_v1_images/SIMCEPImages_P06_C23_F48_s21_w1.TIF,93128
bbbc005,https://data.broadinstitute.org/bbbc/BBBC005/BBBC005_v1_images.zip,BBBC005_v1_images/SIMCEPImages_P06_C23_F48_s24_w1.TIF,98850
bbbc005,https://data.broadinstitute.org/bbbc/BBBC005/BBBC005_v1_images.zip,BBBC005_v1_images/SIMCEPImages_P07_C27_F48_s09_w2.TIF,158242
bbbc005,https://data.broadinstitute.org/bbbc/BBBC005/BBBC005_v1_images.zip,BBBC005_v1_images/SIMCEPImages_P07_C27_F48_s19_w2.TIF,193998
bbbc005,https://data.broadinstitute.org/bbbc/BBBC005/BBBC005_v1_images.zip,BBBC005_v1_images/SIMCEPImages_P07_C27_F48_s22_w2.TIF,164404
bbbc005,https://data.broadinstitute.org/bbbc/BBBC005/BBBC005_v1_images.zip,BBBC005_v1_images/SIMCEPImages_P08_C31_F48_s10_w2.TIF,193526
bbbc005,https://data.broadinstitute.org/bbbc/BBBC005/BBBC005_v1_images.zip,BBBC005_v1_images/SIMCEPImages_P08_C31_F48_s14_w2.TIF,212222
bbbc005,https://data.broadinstitute.org/bbbc/BBBC005/BBBC005_v1_images.zip,BBBC005_v1_images/SIMCEPImages_P08_C31_F48_s24_w1.TIF,126288
bbbc005,https://data.broadinstitute.org/bbbc/BBBC005/BBBC005_v1_images.zip,BBBC005_v1_images/SIMCEPImages_P10_C40_F48_s15_w1.TIF,127396
bbbc005,https://data.broadinstitute.org/bbbc/BBBC005/BBBC005_v1_images.zip,BBBC005_v1_images/SIMCEPImages_P10_C40_F48_s24_w2.TIF,217974
bbbc005,https://data.broadinstitute.org/bbbc/BBBC005/BBBC005_v1_images.zip,BBBC005_v1_images/SIMCEPImages_P11_C44_F48_s24_w2.TIF,225370
bbbc005,https://data.broadinstitute.org/bbbc/BBBC005/BBBC005_v1_images.zip,BBBC005_v1_images/SIMCEPImages_P12_C48_F48_s23_w1.TIF,166790
bbbc005,https://data.broadinstitute.org/bbbc/BBBC005/BBBC005_v1_images.zip,BBBC005_v1_images/SIMCEPImages_P12_C48_F48_s24_w1.TIF,163344
bbbc005,https://data.broadinstitute.org/bbbc/BBBC005/BBBC005_v1_images.zip,BBBC005_v1_images/SIMCEPImages_P13_C53_F48_s09_w2.TIF,271026
bbbc005,https://data.broadinstitute.org/bbbc/BBBC005/BBBC005_v1_images.zip,BBBC005_v1_images/SIMCEPImages_P13_C53_F48_s10_w2.TIF,251274
bbbc005,https://data.broadinstitute.org/bbbc/BBBC005/BBBC005_v1_images.zip,BBBC005_v1_images/SIMCEPImages_P13_C53_F48_s25_w1.TIF,174708
bbbc005,https://data.broadinstitute.org/bbbc/BBBC005/BBBC005_v1_images.zip,BBBC005_v1_images/SIMCEPImages_P14_C57_F48_s02_w2.TIF,268174
bbbc005,https://data.broadinstitute.org/bbbc/BBBC005/BBBC005_v1_images.zip,BBBC005_v1_images/SIMCEPImages_P14_C57_F48_s11_w1.TIF,189996
bbbc005,https://data.broadinstitute.org/bbbc/BBBC005/BBBC005_v1_images.zip,BBBC005_v1_images/SIMCEPImages_P14_C57_F48_s19_w1.TIF,191098
bbbc005,https://data.broadinstitute.org/bbbc/BBBC005/BBBC005_v1_images.zip,BBBC005_v1_images/SIMCEPImages_P15_C61_F48_s19_w1.TIF,193370
bbbc005,https://data.broadinstitute.org/bbbc/BBBC005/BBBC005_v1_images.zip,BBBC005_v1_images/SIMCEPImages_P16_C66_F48_s11_w2.TIF,285950
bbbc005,https://data.broadinstitute.org/bbbc/BBBC005/BBBC005_v1_images.zip,BBBC005_v1_images/SIMCEPImages_P17_C70_F48_s03_w1.TIF,214938
bbbc005,https://data.broadinstitute.org/bbbc/BBBC005/BBBC005_v1_images.zip,BBBC005_v1_images/SIMCEPImages_P17_C70_F48_s05_w1.TIF,217292
bbbc005,https://data.broadinstitute.org/bbbc/BBBC005/BBBC005_v1_images.zip,BBBC005_v1_images/SIMCEPImages_P18_C74_F48_s07_w1.TIF,225154
bbbc005,https://data.broadinstitute.org/bbbc/BBBC005/BBBC005_v1_images.zip,BBBC005_v1_images/SIMCEPImages_P18_C74_F48_s12_w1.TIF,224042
bbbc005,https://data.broadinstitute.org/bbbc/BBBC005/BBBC005_v1_images.zip,BBBC005_v1_images/SIMCEPImages_P20_C83_F48_s23_w2.TIF,292140
bbbc005,https://data.broadinstitute.org/bbbc/BBBC005/BBBC005_v1_images.zip,BBBC005_v1_images/SIMCEPImages_P21_C87_F48_s17_w2.TIF,298272
bbbc005,https://data.broadinstitute.org/bbbc/BBBC005/BBBC005_v1_images.zip,BBBC005_v1_images/SIMCEPImages_P21_C87_F48_s19_w1.TIF,240352
bbbc005,https://data.broadinstitute.org/bbbc/BBBC005/BBBC005_v1_images.zip,BBBC005_v1_images/SIMCEPImages_P22_C91_F48_s05_w1.TIF,262404
bbbc005,https://data.broadinstitute.org/bbbc/BBBC005/BBBC005_v1_images.zip,BBBC005_v1_images/SIMCEPImages_P23_C96_F48_s02_w1.TIF,262850
bbbc005,https://data.broadinstitute.org/bbbc/BBBC005/BBBC005_v1_images.zip,BBBC005_v1_images/SIMCEPImages_P23_C96_F48_s09_w1.TIF,268208
bbbc005,https://data.broadinstitute.org/bbbc/BBBC005/BBBC005_v1_images.zip,BBBC005_v1_images/SIMCEPImages_P23_C96_F48_s10_w1.TIF,269502
bbbc005,https://data.broadinstitute.org/bbbc/BBBC005/BBBC005_v1_images.zip,BBBC005_v1_images/SIMCEPImages_P24_C100_F48_s08_w2.TIF,292004
bbbc005,https://data.broadinstitute.org/bbbc/BBBC005/BBBC005_v1_images.zip,BBBC005_v1_images/SIMCEPImages_P24_C100_F48_s14_w1.TIF,257258
bbbc006_z00,https://data.broadinstitute.org/bbbc/BBBC006/BBBC006_v1_images_z_00.zip,BBBC006_v1_images_z_00/mcf-z-stacks-03212011_a04_s2_w1f93987d0-3bfa-41fa-a29d-abca69b4dbb4.tif,405508
bbbc006_z00,https://data.broadinstitute.org/bbbc/BBBC006/BBBC006_v1_images_z_00.zip,BBBC006_v1_images_z_00/mcf-z-stacks-03212011_a05_s2_w237c6946c-1075-48d2-9824-b666538c3ce3.tif,610540
bbbc006_z00,https://data.broadinstitute.org/bbbc/BBBC006/BBBC006_v1_images_z_00.zip,BBBC006_v1_images_z_00/mcf-z-stacks-03212011_a10_s1_w258f43aff-e8b0-48f7-9408-c705aaa10ad7.tif,682138
bbbc006_z00,https://data.broadinstitute.org/bbbc/BBBC006/BBBC006_v1_images_z_00.zip,BBBC006_v1_images_z_00/mcf-z-stacks-03212011_a10_s2_w10498d4d1-b505-43c0-aff3-bedcb9f5568c.tif,452418
bbbc006_z00,https://data.broadinstitute.org/bbbc/BBBC006/BBBC006_v1_images_z_00.zip,BBBC006_v1_images_z_00/mcf-z-stacks-03212011_a14_s2_w2b4bf69a4-7c28-4013-8b64-864d01e7c7aa.tif,684008
bbbc006_z00,https://data.broadinstitute.org/bbbc/BBBC006/BBBC006_v1_images_z_00.zip,BBBC006_v1_images_z_00/mcf-z-stacks-03212011_b08_s2_w1b55c82ca-0bb0-47df-93ad-106ec5591c43.tif,485442
bbbc006_z00,https://data.broadinstitute.org/bbbc/BBBC006/BBBC006_v1_images_z_00.zip,BBBC006_v1_images_z_00/mcf-z-stacks-03212011_b12_s2_w1b39231e7-603e-412f-8607-e50d874b724c.tif,551874
bbbc006_z00,https://data.broadinstitute.org/bbbc/BBBC006/BBBC006_v1_images_z_00.zip,BBBC006_v1_images_z_00/mcf-z-stacks-03212011_b18_s2_w215f1b83c-1da7-48a8-a776-35579cf5e99b.tif,641570
bbbc006_z00,https://data.broadinstitute.org/bbbc/BBBC006/BBBC006_v1_images_z_00.zip,BBBC006_v1_images_z_00/mcf-z-stacks-03212011_b19_s1_w1a8e367dd-31ab-471d-9134-f40def10fee4.tif,566202
bbbc006_z00,https://data.broadinstitute.org/bbbc/BBBC006/BBBC006_v1_images_z_00.zip,BBBC006_v1_images_z_00/mcf-z-stacks-03212011_c11_s1_w1f86af2d2-eacd-4330-b922-db441dca89f8.tif,529424
bbbc006_z00,https://data.broadinstitute.org/bbbc/BBBC006/BBBC006_v1_images_z_00.zip,BBBC006_v1_images_z_00/mcf-z-stacks-03212011_c23_s2_w24d371faa-d450-4656-8e9e-20eb5825f45f.tif,643320
bbbc006_z00,https://data.broadinstitute.org/bbbc/BBBC006/BBBC006_v1_images_z_00.zip,BBBC006_v1_images_z_00/mcf-z-stacks-03212011_d06_s2_w17ebf2aa8-d3ba-4a82-8f43-32b5a928f307.tif,504510
bbbc006_z00,https://data.broadinstitute.org/bbbc/BBBC006/BBBC006_v1_images_z_00.zip,BBBC006_v1_images_z_00/mcf-z-stacks-03212011_d13_s1_w2a751c38a-0d2b-40cf-85a5-56f9bfb39f73.tif,636986
bbbc006_z00,https://data.broadinstitute.org/bbbc/BBBC006/BBBC006_v1_images_z_00.zip,BBBC006_v1_images_z_00/mcf-z-stacks-03212011_d13_s2_w2be169f30-6157-4c4f-912a-c0cbf6ef945e.tif,665210
bbbc006_z00,https://data.broadinstitute.org/bbbc/BBBC006/BBBC006_v1_images_z_00.zip,BBBC006_v1_images_z_00/mcf-z-stacks-03212011_d15_s1_w2dc5aa557-9a6d-41d0-b49e-9ae2b39edc16.tif,642492
bbbc006_z00,https://data.broadinstitute.org/bbbc/BBBC006/BBBC006_v1_images_z_00.zip,BBBC006_v1_images_z_00/mcf-z-stacks-03212011_d16_s1_w204a51af0-1586-4df1-b7c7-24aa30e3c6f2.tif,643214
bbbc006_z00,https://data.broadinstitute.org/bbbc/BBBC006/BBBC006_v1_images_z_00.zip,BBBC006_v1_images_z_00/mcf-z-stacks-03212011_d17_s2_w2baeda60e-5823-4b2e-affb-ac314d063f91.tif,485804
bbbc006_z00,https://data.broadinstitute.org/bbbc/BBBC006/BBBC006_v1_images_z_00.zip,BBBC006_v1_images_z_00/mcf-z-stacks-03212011_e06_s1_w24e518388-54d3-48e2-90bb-71c151bbb28e.tif,601118
bbbc006_z00,https://data.broadinstitute.org/bbbc/BBBC006/BBBC006_v1_images_z_00.zip,BBBC006_v1_images_z_00/mcf-z-stacks-03212011_e08_s2_w21781416c-a49d-4934-b864-24606e32509b.tif,589598
bbbc006_z00,https://data.broadinstitute.org/bbbc/BBBC006/BBBC006_v1_images_z_00.zip,BBBC006_v1_images_z_00/mcf-z-stacks-03212011_e21_s1_w20f27c312-11a1-41f8-984e-c84b29049ac0.tif,624266
bbbc006_z00,https://data.broadinstitute.org/bbbc/BBBC006/BBBC006_v1_images_z_00.zip,BBBC006_v1_images_z_00/mcf-z-stacks-03212011_f06_s1_w16e36b686-ecb4-4cb7-89ea-5566880253f8.tif,532584
bbbc006_z00,https://data.broadinstitute.org/bbbc/BBBC006/BBBC006_v1_images_z_00.zip,BBBC006_v1_images_z_00/mcf-z-stacks-03212011_f11_s2_w2ceea6589-9e0d-4ce5-919f-448c41538290.tif,627900
bbbc006_z00,https://data.broadinstitute.org/bbbc/BBBC006/BBBC006_v1_images_z_00.zip,BBBC006_v1_images_z_00/mcf-z-stacks-03212011_f12_s1_w22c98b842-f828-43e2-8d17-1c2a920f7b8f.tif,631984
bbbc006_z00,https://data.broadinstitute.org/bbbc/BBBC006/BBBC006_v1_images_z_00.zip,BBBC006_v1_images_z_00/mcf-z-stacks-03212011_f13_s2_w2d4f02b27-4ff3-4f14-91bc-26755b9f4c0d.tif,629450
bbbc006_z00,https://data.broadinstitute.org/bbbc/BBBC006/BBBC006_v1_images_z_00.zip,BBBC006_v1_images_z_00/mcf-z-stacks-03212011_f17_s1_w2d3977132-2861-4a7f-886e-525308c5761d.tif,666642
bbbc006_z00,https://data.broadinstitute.org/bbbc/BBBC006/BBBC006_v1_images_z_00.zip,BBBC006_v1_images_z_00/mcf-z-stacks-03212011_f22_s1_w25b95f018-9327-4ad1-b3b8-2189f9f90792.tif,630152
bbbc006_z00,https://data.broadinstitute.org/bbbc/BBBC006/BBBC006_v1_images_z_00.zip,BBBC006_v1_images_z_00/mcf-z-stacks-03212011_g04_s2_w224639ba4-2190-4ed4-889f-507775f431c3.tif,578098
bbbc006_z00,https://data.broadinstitute.org/bbbc/BBBC006/BBBC006_v1_images_z_00.zip,BBBC006_v1_images_z_00/mcf-z-stacks-03212011_g10_s1_w2bf82b7e6-b3a0-4430-a1f4-c7568f985b4e.tif,641538
bbbc006_z00,https://data.broadinstitute.org/bbbc/BBBC006/BBBC006_v1_images_z_00.zip,BBBC006_v1_images_z_00/mcf-z-stacks-03212011_g11_s2_w213713303-de5c-4252-a559-0f5ff4a34dcf.tif,627720
bbbc006_z00,https://data.broadinstitute.org/bbbc/BBBC006/BBBC006_v1_images_z_00.zip,BBBC006_v1_images_z_00/mcf-z-stacks-03212011_g17_s1_w2cc9dd99a-dd4e-425d-9991-dd26fb895c2e.tif,632550
bbbc006_z00,https://data.broadinstitute.org/bbbc/BBBC006/BBBC006_v1_images_z_00.zip,BBBC006_v1_images_z_00/mcf-z-stacks-03212011_g17_s2_w116e56772-6ca4-4e4c-a5e3-ab5338669ee3.tif,566914
bbbc006_z00,https://data.broadinstitute.org/bbbc/BBBC006/BBBC006_v1_images_z_00.zip,BBBC006_v1_images_z_00/mcf-z-stacks-03212011_g24_s1_w164a361d5-5610-416f-a910-102cfac41e2f.tif,463282
bbbc006_z00,https://data.broadinstitute.org/bbbc/BBBC006/BBBC006_v1_images_z_00.zip,BBBC006_v1_images_z_00/mcf-z-stacks-03212011_g24_s1_w23e92521d-8ace-45fb-bd47-6953d3cfa9d6.tif,659216
bbbc006_z00,https://data.broadinstitute.org/bbbc/BBBC006/BBBC006_v1_images_z_00.zip,BBBC006_v1_images_z_00/mcf-z-stacks-03212011_h09_s1_w19d3654a1-8251-4cb0-afc8-c1deb5618a43.tif,530908
bbbc006_z00,https://data.broadinstitute.org/bbbc/BBBC006/BBBC006_v1_images_z_00.zip,BBBC006_v1_images_z_00/mcf-z-stacks-03212011_h10_s1_w2fff1f3e4-0b78-4bfb-b21f-c175434343b8.tif,634848
bbbc006_z00,https://data.broadinstitute.org/bbbc/BBBC006/BBBC006_v1_images_z_00.zip,BBBC006_v1_images_z_00/mcf-z-stacks-03212011_h16_s1_w24268f06c-2dce-4824-843d-833fdb717daa.tif,631838
bbbc006_z00,https://data.broadinstitute.org/bbbc/BBBC006/BBBC006_v1_images_z_00.zip,BBBC006_v1_images_z_00/mcf-z-stacks-03212011_h16_s2_w13cb523fa-f468-45c8-a71b-892fe1f57bf9.tif,567084
bbbc006_z00,https://data.broadinstitute.org/bbbc/BBBC006/BBBC006_v1_images_z_00.zip,BBBC006_v1_images_z_00/mcf-z-stacks-03212011_h18_s2_w2b85d1aeb-f1b3-4811-abfe-ad39d1474820.tif,659014
bbbc006_z00,https://data.broadinstitute.org/bbbc/BBBC006/BBBC006_v1_images_z_00.zip,BBBC006_v1_images_z_00/mcf-z-stacks-03212011_h23_s1_w1b246db33-9d73-469e-8152-80b998e94849.tif,515108
bbbc006_z00,https://data.broadinstitute.org/bbbc/BBBC006/BBBC006_v1_images_z_00.zip,BBBC006_v1_images_z_00/mcf-z-stacks-03212011_i04_s1_w152f3b77d-9502-4f1c-8fda-a5955452cf9f.tif,491880
bbbc006_z00,https://data.broadinstitute.org/bbbc/BBBC006/BBBC006_v1_images_z_00.zip,BBBC006_v1_images_z_00/mcf-z-stacks-03212011_i06_s2_w21ead334d-c520-4187-a0ec-2d12fb61e0b8.tif,587214
bbbc006_z00,https://data.broadinstitute.org/bbbc/BBBC006/BBBC006_v1_images_z_00.zip,BBBC006_v1_images_z_00/mcf-z-stacks-03212011_i07_s1_w10cbd1af1-e6d9-4cce-9a14-e62f0dacade6.tif,302168
bbbc006_z00,https://data.broadinstitute.org/bbbc/BBBC006/BBBC006_v1_images_z_00.zip,BBBC006_v1_images_z_00/mcf-z-stacks-03212011_i12_s2_w170d95887-c4a1-46db-b13f-156b95ec5889.tif,435560
bbbc006_z00,https://data.broadinstitute.org/bbbc/BBBC006/BBBC006_v1_images_z_00.zip,BBBC006_v1_images_z_00/mcf-z-stacks-03212011_i13_s1_w2dc523dfe-32be-43cc-9765-fb328af7fed9.tif,622868
bbbc006_z00,https://data.broadinstitute.org/bbbc/BBBC006/BBBC006_v1_images_z_00.zip,BBBC006_v1_images_z_00/mcf-z-stacks-03212011_i20_s2_w1f389425f-c6d5-4031-9baf-084f6ab93dea.tif,560408
bbbc006_z00,https://data.broadinstitute.org/bbbc/BBBC006/BBBC006_v1_images_z_00.zip,BBBC006_v1_images_z_00/mcf-z-stacks-03212011_i21_s2_w150bba379-6ea8-490d-a490-809241b3af1c.tif,564972
bbbc006_z00,https://data.broadinstitute.org/bbbc/BBBC006/BBBC006_v1_images_z_00.zip,BBBC006_v1_images_z_00/mcf-z-stacks-03212011_i23_s1_w1f0ad0515-b037-492f-83d0-5876b59f324d.tif,538648
bbbc006_z00,https://data.broadinstitute.org/bbbc/BBBC006/BBBC006_v1_images_z_00.zip,BBBC006_v1_images_z_00/mcf-z-stacks-03212011_j02_s2_w10e994fa0-0aaf-4e24-84d4-a7c42fad02de.tif,477884
bbbc006_z00,https://data.broadinstitute.org/bbbc/BBBC006/BBBC006_v1_images_z_00.zip,BBBC006_v1_images_z_00/mcf-z-stacks-03212011_j04_s2_w14f139555-56b2-4ada-bf0e-2b9efadf6c93.tif,485844
bbbc006_z00,https://data.broadinstitute.org/bbbc/BBBC006/BBBC006_v1_images_z_00.zip,BBBC006_v1_images_z_00/mcf-z-stacks-03212011_j04_s2_w2a2cb59a3-b513-446e-9b25-e328ca1d302d.tif,602252
bbbc006_z00,https://data.broadinstitute.org/bbbc/BBBC006/BBBC006_v1_images_z_00.zip,BBBC006_v1_images_z_00/mcf-z-stacks-03212011_j17_s2_w1a5fae7de-b633-4386-8113-5b88ddf5ea6a.tif,548684
bbbc006_z00,https://data.broadinstitute.org/bbbc/BBBC006/BBBC006_v1_images_z_00.zip,BBBC006_v1_images_z_00/mcf-z-stacks-03212011_j22_s1_w1ef274ab0-9d9e-4790-8ab3-f1330cca50aa.tif,573240
bbbc006_z00,https://data.broadinstitute.org/bbbc/BBBC006/BBBC006_v1_images_z_00.zip,BBBC006_v1_images_z_00/mcf-z-stacks-03212011_k18_s2_w1081e8c12-0657-4833-a7b6-1ad8842f7f3c.tif,558470
bbbc006_z00,https://data.broadinstitute.org/bbbc/BBBC006/BBBC006_v1_images_z_00.zip,BBBC006_v1_images_z_00/mcf-z-stacks-03212011_l02_s2_w1dce0e0f2-994a-45d4-8eba-a57b0f1a274f.tif,489070
bbbc006_z00,https://data.broadinstitute.org/bbbc/BBBC006/BBBC006_v1_images_z_00.zip,BBBC006_v1_images_z_00/mcf-z-stacks-03212011_l05_s2_w1351f46a7-24e1-4e24-8939-59e62770eaf9.tif,498748
bbbc006_z00,https://data.broadinstitute.org/bbbc/BBBC006/BBBC006_v1_images_z_00.zip,BBBC006_v1_images_z_00/mcf-z-stacks-03212011_l20_s1_w2d8520055-ba99-42d5-b9f1-8fd1310a4a0c.tif,647392
bbbc006_z00,https://data.broadinstitute.org/bbbc/BBBC006/BBBC006_v1_images_z_00.zip,BBBC006_v1_images_z_00/mcf-z-stacks-03212011_l20_s2_w24c7a9f4e-0290-4ea4-aaea-832261d178b7.tif,638246
bbbc006_z00,https://data.broadinstitute.org/bbbc/BBBC006/BBBC006_v1_images_z_00.zip,BBBC006_v1_images_z_00/mcf-z-stacks-03212011_l23_s1_w1d818845d-d722-47ae-a207-ae39365eff06.tif,540322
bbbc006_z00,https://data.broadinstitute.org/bbbc/BBBC006/BBBC006_v1_images_z_00.zip,BBBC006_v1_images_z_00/mcf-z-stacks-03212011_l24_s2_w29e35bab0-4500-48ac-a2f7-01dab88a1dad.tif,646942
bbbc006_z00,https://data.broadinstitute.org/bbbc/BBBC006/BBBC006_v1_images_z_00.zip,BBBC006_v1_images_z_00/mcf-z-stacks-03212011_m01_s1_w2fd15199b-4273-4c1b-b458-5e5ba7b53878.tif,627702
bbbc006_z00,https://data.broadinstitute.org/bbbc/BBBC006/BBBC006_v1_images_z_00.zip,BBBC006_v1_images_z_00/mcf-z-stacks-03212011_m08_s2_w113622a71-1f9d-4f31-aa58-eb7513be77c8.tif,511006
bbbc006_z00,https://data.broadinstitute.org/bbbc/BBBC006/BBBC006_v1_images_z_00.zip,BBBC006_v1_images_z_00/mcf-z-stacks-03212011_m20_s1_w18f6941e5-1b0e-4990-9d91-9bb8d82c4330.tif,559460
bbbc006_z00,https://data.broadinstitute.org/bbbc/BBBC006/BBBC006_v1_images_z_00.zip,BBBC006_v1_images_z_00/mcf-z-stacks-03212011_n11_s1_w1822f7a4d-825a-4dd0-a4ac-d3a62dcf77cf.tif,523306
bbbc006_z00,https://data.broadinstitute.org/bbbc/BBBC006/BBBC006_v1_images_z_00.zip,BBBC006_v1_images_z_00/mcf-z-stacks-03212011_n23_s1_w28d85a771-a422-4595-8d41-0edd44afd51a.tif,685272
bbbc006_z00,https://data.broadinstitute.org/bbbc/BBBC006/BBBC006_v1_images_z_00.zip,BBBC006_v1_images_z_00/mcf-z-stacks-03212011_o02_s2_w1d568cfcc-7412-477e-b670-dc55973e5993.tif,481410
bbbc006_z00,https://data.broadinstitute.org/bbbc/BBBC006/BBBC006_v1_images_z_00.zip,BBBC006_v1_images_z_00/mcf-z-stacks-03212011_o04_s2_w25760d1f3-f0e4-427b-94ef-99aac07f6029.tif,595958
bbbc006_z00,https://data.broadinstitute.org/bbbc/BBBC006/BBBC006_v1_images_z_00.zip,BBBC006_v1_images_z_00/mcf-z-stacks-03212011_o06_s2_w1e5424362-65c8-4cda-9fab-5f0659188c62.tif,497464
bbbc006_z00,https://data.broadinstitute.org/bbbc/BBBC006/BBBC006_v1_images_z_00.zip,BBBC006_v1_images_z_00/mcf-z-stacks-03212011_o16_s1_w190f7c27c-22c4-4509-beca-d0fe32d08c91.tif,534034
bbbc006_z00,https://data.broadinstitute.org/bbbc/BBBC006/BBBC006_v1_images_z_00.zip,BBBC006_v1_images_z_00/mcf-z-stacks-03212011_o17_s1_w11efdac27-280e-471b-b629-cc8713ea0f46.tif,542730
bbbc006_z00,https://data.broadinstitute.org/bbbc/BBBC006/BBBC006_v1_images_z_00.zip,BBBC006_v1_images_z_00/mcf-z-stacks-03212011_p01_s2_w178ec551f-9e8b-4e89-af0f-d8558615db5a.tif,336654
bbbc006_z00,https://data.broadinstitute.org/bbbc/BBBC006/BBBC006_v1_images_z_00.zip,BBBC006_v1_images_z_00/mcf-z-stacks-03212011_p03_s1_w1203f9026-9f0b-477f-a17e-0208836b7305.tif,439472
bbbc006_z00,https://data.broadinstitute.org/bbbc/BBBC006/BBBC006_v1_images_z_00.zip,BBBC006_v1_images_z_00/mcf-z-stacks-03212011_p14_s1_w252d4d4c8-61a9-4f66-8a6a-d27a93b6ccbc.tif,651000
bbbc006_z00,https://data.broadinstitute.org/bbbc/BBBC006/BBBC006_v1_images_z_00.zip,BBBC006_v1_images_z_00/mcf-z-stacks-03212011_p17_s1_w2d6f4ee0f-2738-4f71-8e5e-b0cabc1de1a4.tif,616644
bbbc006_z00,https://data.broadinstitute.org/bbbc/BBBC006/BBBC006_v1_images_z_00.zip,BBBC006_v1_images_z_00/mcf-z-stacks-03212011_p18_s1_w216c6871c-301b-4b48-9956-42a7f03cde1f.tif,621744
bbbc006_z00,https://data.broadinstitute.org/bbbc/BBBC006/BBBC006_v1_images_z_00.zip,BBBC006_v1_images_z_00/mcf-z-stacks-03212011_p18_s2_w2079c6b15-c669-4db4-a169-5c5226af3746.tif,658476
bbbc006_z00,https://data.broadinstitute.org/bbbc/BBBC006/BBBC006_v1_images_z_00.zip,BBBC006_v1_images_z_00/mcf-z-stacks-03212011_p19_s1_w2a9203072-b6a0-49ec-8b5d-44941ed6537f.tif,555968
bbbc006_z00,https://data.broadinstitute.org/bbbc/BBBC006/BBBC006_v1_images_z_00.zip,BBBC006_v1_images_z_00/mcf-z-stacks-03212011_p20_s2_w20d1b2323-5c7f-4254-92e4-6be0baa65d47.tif,664388
bbbc006_z00,https://data.broadinstitute.org/bbbc/BBBC006/BBBC006_v1_images_z_00.zip,BBBC006_v1_images_z_00/mcf-z-stacks-03212011_p24_s2_w1283f1213-dc59-40b5-ae21-9d66400a5f20.tif,597248
bbbc013_bmp,https://data.broadinstitute.org/bbbc/BBBC013/BBBC013_v1_images_bmp.zip,BBBC013_v1_images_bmp/Channel1-10-A-10.BMP,410678
bbbc013_bmp,https://data.broadinstitute.org/bbbc/BBBC013/BBBC013_v1_images_bmp.zip,BBBC013_v1_images_bmp/Channel1-12-A-12.BMP,410678
bbbc013_bmp,https://data.broadinstitute.org/bbbc/BBBC013/BBBC013_v1_images_bmp.zip,BBBC013_v1_images_bmp/Channel1-31-C-07.BMP,410678
bbbc013_bmp,https://data.broadinstitute.org/bbbc/BBBC013/BBBC013_v1_images_bmp.zip,BBBC013_v1_images_bmp/Channel1-46-D-10.BMP,410678
bbbc013_bmp,https://data.broadinstitute.org/bbbc/BBBC013/BBBC013_v1_images_bmp.zip,BBBC013_v1_images_bmp/Channel1-51-E-03.BMP,410678
bbbc013_bmp,https://data.broadinstitute.org/bbbc/BBBC013/BBBC013_v1_images_bmp.zip,BBBC013_v1_images_bmp/Channel1-59-E-11.BMP,410678
bbbc013_bmp,https://data.broadinstitute.org/bbbc/BBBC013/BBBC013_v1_images_bmp.zip,BBBC013_v1_images_bmp/Channel1-72-F-12.BMP,410678
bbbc013_bmp,https://data.broadinstitute.org/bbbc/BBBC013/BBBC013_v1_images_bmp.zip,BBBC013_v1_images_bmp/Channel1-74-G-02.BMP,410678
bbbc013_bmp,https://data.broadinstitute.org/bbbc/BBBC013/BBBC013_v1_images_bmp.zip,BBBC013_v1_images_bmp/Channel2-06-A-06.BMP,410678
bbbc013_bmp,https://data.broadinstitute.org/bbbc/BBBC013/BBBC013_v1_images_bmp.zip,BBBC013_v1_images_bmp/Channel2-41-D-05.BMP,410678
bbbc013_bmp,https://data.broadinstitute.org/bbbc/BBBC013/BBBC013_v1_images_bmp.zip,BBBC013_v1_images_bmp/Channel2-43-D-07.BMP,410678
bbbc013_bmp,https://data.broadinstitute.org/bbbc/BBBC013/BBBC013_v1_images_bmp.zip,BBBC013_v1_images_bmp/Channel2-52-E-04.BMP,410678
bbbc013_bmp,https://data.broadinstitute.org/bbbc/BBBC013/BBBC013_v1_images_bmp.zip,BBBC013_v1_images_bmp/Channel2-55-E-07.BMP,410678
bbbc013_bmp,https://data.broadinstitute.org/bbbc/BBBC013/BBBC013_v1_images_bmp.zip,BBBC013_v1_images_bmp/Channel2-77-G-05.BMP,410678
bbbc013_bmp,https://data.broadinstitute.org/bbbc/BBBC013/BBBC013_v1_images_bmp.zip,BBBC013_v1_images_bmp/Channel2-86-H-02.BMP,410678
